Law Enforcement Agency,Agency Type,STATE,County Name,Program Type,ICE Signed Date,Location,Jurisdiction Population (2024 US Census ACS
Columbia County Sheriff's Office,County,FLORIDA,Columbia County,Warrant Service Officer,"May 6, 2019","Lake City, FLORIDA 32055",73977
Charlotte County Sheriff's Office,County,FLORIDA,Charlotte County,Warrant Service Officer,"May 6, 2019","Punta Gorda, FLORIDA 33950",212122
Hernando County Sheriff's Office,County,FLORIDA,Hernando County,Warrant Service Officer,"May 6, 2019","Brooksville, FLORIDA 34601",218150
Manatee County Sheriff's Office,County,FLORIDA,Manatee County,Warrant Service Officer,"May 6, 2019","Bradenton, FLORIDA 34205",458352
Brevard County Sheriff's Office,County,FLORIDA,Brevard County,Warrant Service Officer,"May 6, 2019","Titusville, FLORIDA 32780",658447
Polk County Sheriff's Office,County,FLORIDA,Polk County,Warrant Service Officer,"May 6, 2019","Bartow, FLORIDA 33830",852878
Seminole County Sheriff's Office,County,FLORIDA,Seminole County,Warrant Service Officer,"Sep 4, 2019","Sanford, FLORIDA 32771",494605
Liberty County Sheriff's Office,County,FLORIDA,Liberty County,Warrant Service Officer,"Sep 9, 2019","Bristol, FLORIDA 32321",7955
Calhoun County Sheriff's Office,County,FLORIDA,Calhoun County,Warrant Service Officer,"Sep 9, 2019","Blountstown, FLORIDA 32424",13278
Madison County Sheriff's Office,County,FLORIDA,Madison County,Warrant Service Officer,"Sep 9, 2019","Madison, FLORIDA 32340",18364
Flagler County Sheriff's Office,County,FLORIDA,Flagler County,Warrant Service Officer,"Sep 9, 2019","Bunnell, FLORIDA 32110",136744
Lafayette County Sheriff's Office,County,FLORIDA,Lafayette County,Warrant Service Officer,"Oct 15, 2019","Lafayette County, FLORIDA",8640
Franklin County Sheriff's Office,County,FLORIDA,Franklin County,Warrant Service Officer,"Oct 15, 2019","Eastpoint, FLORIDA 32328",12979
Hamilton County Sheriff's Office,County,FLORIDA,Hamilton County,Warrant Service Officer,"Oct 15, 2019","Jasper, FLORIDA 32052",14334
Jefferson County Sheriff's Office,County,FLORIDA,Jefferson County,Warrant Service Officer,"Oct 15, 2019","County: Jefferson County, FLORIDA",15921
Holmes County Sheriff's Office,County,FLORIDA,Holmes County,Warrant Service Officer,"Oct 15, 2019","County: Holmes County, FLORIDA",19876
Taylor County Sheriff's Office,County,FLORIDA,Taylor County,Warrant Service Officer,"Oct 15, 2019","Perry, FLORIDA 32347",21843
Bradford County Sheriff's Office,County,FLORIDA,Bradford County,Warrant Service Officer,"Oct 15, 2019","Starke, FL 32091",28075
Baker County Sheriff's Office,County,FLORIDA,Baker County,Warrant Service Officer,"Oct 15, 2019","Maccleny, FLORIDA 32063",29325
DeSoto County Sheriff's Office,County,FLORIDA,DeSoto County,Warrant Service Officer,"Oct 15, 2019","Arcadia, FLORIDA 34266",36744
Wakulla County Sheriff's Office,County,FLORIDA,Wakulla County,Warrant Service Officer,"Oct 15, 2019","County: Wakulla County, FLORIDA",37115
Okeechobee County Sheriff's Office,County,FLORIDA,Okeechobee County,Warrant Service Officer,"Oct 15, 2019","Okeechobee, FLORIDA 34972",42369
Hendry County Sheriff's Office,County,FLORIDA,Hendry County,Warrant Service Officer,"Oct 15, 2019","LaBelle, FLORIDA 33935",46130
Suwannee County Sheriff's Office,County,FLORIDA,Suwannee County,Warrant Service Officer,"Oct 15, 2019","Live Oak, FLORIDA 32064",47536
Putnam County Sheriff's Office,County,FLORIDA,Putnam County,Warrant Service Officer,"Oct 15, 2019","Palatka, FLORIDA 32177",77301
Monroe County Sheriff's Office,County,FLORIDA,Monroe County,Warrant Service Officer,"Oct 15, 2019","Key West, FLORIDA 33040",80908
Highlands County Sheriff's Office,County,FLORIDA,Highlands County,Warrant Service Officer,"Oct 15, 2019","Sebring, FLORIDA 33870",109778
Sumter County Sheriff's Office,County,FLORIDA,Sumter County,Warrant Service Officer,"Oct 15, 2019","Bushnell, FLORIDA 33513",154693
Indian River County Sheriff's Office,County,FLORIDA,Indian River County,Warrant Service Officer,"Oct 15, 2019","Vero Beach, FLORIDA 32960",172139
Bay County Sheriff's Office,County,FLORIDA,Bay County,Warrant Service Officer,"Oct 15, 2019","Panama City, FLORIDA 32401",199718
Santa Rosa County Sheriff's Office,County,FLORIDA,Santa Rosa County,Warrant Service Officer,"Oct 15, 2019","County: Santa Rosa County, FLORIDA",207653
Leon County Sheriff's Office,County,FLORIDA,Leon County,Warrant Service Officer,"Oct 15, 2019","Tallahassee, FLORIDA 32301",300488
St. Johns County Sheriff's Office,County,FLORIDA,St. Johns County,Warrant Service Officer,"Oct 15, 2019","St. Augustine, FLORIDA 32084",334928
Marion County Sheriff's Office,County,FLORIDA,Marion County,Warrant Service Officer,"Oct 15, 2019","Ocala, FLORIDA 34470",428905
Lake County Sheriff's Office,County,FLORIDA,Lake County,Warrant Service Officer,"Oct 15, 2019","Tavares, FL 32778",444204
Osceola County Corrections Department,County,FLORIDA,Osceola County,Warrant Service Officer,"Oct 15, 2019","Kissimmee, FLORIDA 34741",468058
Burnet County Sheriff's Office,County,TEXAS,Burnet County,Warrant Service Officer,"Nov 5, 2019","County: Burnet County, TEXAS",55722
Oconee County Sheriff's Office,County,GEORGIA,Oconee County,Warrant Service Officer,"Dec 31, 2019","Watkinsville, GEORGIA 30677",44751
Rockingham County Sheriff's Office,County,NORTH CAROLINA,Rockingham County,Warrant Service Officer,"Dec 31, 2019","County: Rockingham County, NORTH CAROLINA",93517
Cleveland County Sheriff's Office,County,NORTH CAROLINA,Cleveland County,Warrant Service Officer,"Jan 16, 2020","County: Cleveland County, NORTH CAROLINA",102194
Martin County Sheriff's Office,County,FLORIDA,Martin County,Warrant Service Officer,"Jan 22, 2020","Stuart, FLORIDA 34994",165666
Gallatin County Sheriff's Office,County,MONTANA,Gallatin County,Warrant Service Officer,"Jan 22, 2020","County: Gallatin County, MONTANA",126984
Nash County Sheriff's Office,County,NORTH CAROLINA,Nash County,Warrant Service Officer,"Jan 29, 2020","County: Nash County, NORTH CAROLINA",97990
Flathead County Sheriff's Office,County,MONTANA,Flathead County,Warrant Service Officer,"Feb 12, 2020","County: Flathead County, MONTANA",114527
Waller County Sheriff’s Office,County,TEXAS,Waller County,Warrant Service Officer,"Feb 12, 2020","County: Waller County, TEXAS",65109
La Paz County Sheriff's Office,County,ARIZONA,La Paz County,Warrant Service Officer,"Feb 27, 2020","Parker, ARIZONA 85344",16992
Sheboygan County Sheriff's Office,County,WISCONSIN,Sheboygan County,Warrant Service Officer,"Feb 27, 2020","County: Sheboygan County, WISCONSIN",118331
Potter County Sheriff's Office,County,TEXAS,Potter County,Jail Enforcement Model,"Mar 2, 2020","County: Potter County, TEXAS",114649
Clay County Sheriff's Office,County,FLORIDA,Clay County,Jail Enforcement Model,"Mar 11, 2020","Green Cove Springs, FLORIDA 32043",236760
Cabarrus County Sheriff's Office,County,NORTH CAROLINA,Cabarrus County,Jail Enforcement Model,"Mar 11, 2020","County: Cabarrus County, NORTH CAROLINA",244925
La Paz County Sheriff's Office,County,ARIZONA,La Paz County,Jail Enforcement Model,"Mar 12, 2020","Parker, ARIZONA 85344",16992
Canadian County Sheriff's Office,County,OKLAHOMA,Canadian County,Jail Enforcement Model,"Mar 13, 2020","County: Canadian County, OKLAHOMA",181760
Matagorda County Sheriff's Office,County,TEXAS,Matagorda County,Jail Enforcement Model,"Mar 13, 2020","County: Matagorda County, TEXAS",36391
Calhoun County Sheriff’s Office,County,TEXAS,Calhoun County,Jail Enforcement Model,"Mar 13, 2020","County: Calhoun County, TEXAS",19942
Sweetwater County Sheriff's Office,County,WYOMING,Sweetwater County,Warrant Service Officer,"Mar 13, 2020","Rock Springs, WYOMING 82901",41273
Finney County Sheriff’s Office,County,KANSAS,Finney County,Warrant Service Officer,"Mar 17, 2020","County: Finney County, KANSAS",38354
Caldwell County Sheriff's Office,County,NORTH CAROLINA,Caldwell County,Warrant Service Officer,"Mar 19, 2020","County: Caldwell County, NORTH CAROLINA",80739
Randolph County Sheriff's Office,County,NORTH CAROLINA,Randolph County,Warrant Service Officer,"May 21, 2020","County: Randolph County, NORTH CAROLINA",148389
Alamance County Sheriff's Office,County,NORTH CAROLINA,Alamance County,Warrant Service Officer,"May 21, 2020","County: Alamance County, NORTH CAROLINA",183040
Marquette County Sheriff's Office,County,WISCONSIN,Marquette County,Warrant Service Officer,"May 21, 2020","Marquette County, WISCONSIN",15743
Lincoln County Sheriff's Office,County,NORTH CAROLINA,Lincoln County,Warrant Service Officer,"Jun 5, 2020","County: Lincoln County, NORTH CAROLINA",97611
Manitowoc County Sheriff's Office,County,WISCONSIN,Manitowoc County,Warrant Service Officer,"Jun 5, 2020","County: Manitowoc County, WISCONSIN",81513
Fond du Lac County Sheriff's Office,County,WISCONSIN,Fond du Lac County,Warrant Service Officer,"Jun 5, 2020","County: Fond du Lac County, WISCONSIN",104269
Mesa Police Department,Municipality,ARIZONA,#N/A,Jail Enforcement Model,"Jun 8, 2020","Mesa, ARIZONA 85201",517151
Teller County Sheriff's Office,County,COLORADO,Teller County,Jail Enforcement Model,"Jun 8, 2020","Cripple Creek, COLORADO 80813",24862
Massachusetts Department of Corrections,State,MASSACHUSETTS,#N/A,Jail Enforcement Model,"Jun 8, 2020",MASSACHUSETTS,7136171
Tulsa County Sheriff's Office,County,OKLAHOMA,Tulsa County,Jail Enforcement Model,"Jun 8, 2020","County: Tulsa County, OKLAHOMA",693514
Lexington County Sheriff's Department,County,SOUTH CAROLINA,Lexington County,Jail Enforcement Model,"Jun 8, 2020","County: Lexington County, SOUTH CAROLINA",313774
Knox County Sheriff’s Office,County,TENNESSEE,Knox County,Jail Enforcement Model,"Jun 8, 2020","County: Knox County, TENNESSEE",506748
Galveston County Sheriff’s Office,County,TEXAS,Galveston County,Jail Enforcement Model,"Jun 8, 2020","County: Galveston County, TEXAS",367407
Lubbock County Sheriff's Office,County,TEXAS,Lubbock County,Jail Enforcement Model,"Jun 8, 2020","County: Lubbock County, TEXAS",327394
Victoria County Sheriff’s Office,County,TEXAS,Victoria County,Jail Enforcement Model,"Jun 8, 2020","County: Victoria County, TEXAS",91949
Aransas County Sheriff's Office,County,TEXAS,Aransas County,Jail Enforcement Model,"Jun 8, 2020","County: Aransas County, TEXAS",25595
Lavaca County Sheriff’s Office,County,TEXAS,Lavaca County,Jail Enforcement Model,"Jun 8, 2020","County: Lavaca County, TEXAS",20605
DeWitt County Sheriff’s Office,County,TEXAS,DeWitt County,Jail Enforcement Model,"Jun 8, 2020","County: DeWitt County, TEXAS",20252
Jackson County Sheriff's Office,County,TEXAS,Jackson County,Jail Enforcement Model,"Jun 8, 2020","County: Jackson County, TEXAS",15284
Waushara County Sheriff's Office,County,WISCONSIN,Waushara County,Warrant Service Officer,"Jun 8, 2020","Waushara County, WISCONSIN",25079
Etowah County Sheriff's Office,County,ALABAMA,Etowah County,Jail Enforcement Model,"Jun 9, 2020","Gadsden, ALABAMA 35901",103207
Yavapai County Sheriff's Office,County,ARIZONA,Yavapai County,Jail Enforcement Model,"Jun 9, 2020","Prescott, ARIZONA 86301",252013
Pinal County Sheriff's Office,County,ARIZONA,Pinal County,Jail Enforcement Model,"Jun 9, 2020","Florence, ARIZONA 85132",513862
Hernando County Sheriff's Office,County,FLORIDA,Hernando County,Jail Enforcement Model,"Jun 9, 2020","Brooksville, FLORIDA 34601",218150
Collier County Sheriff's Office,County,FLORIDA,Collier County,Jail Enforcement Model,"Jun 9, 2020","Naples, FLORIDA 34102",416233
Jacksonville Sheriff's Office,County,FLORIDA,Duval County,Jail Enforcement Model,"Jun 9, 2020","Jacksonville, FLORIDA 32202",1055159
Whitfield County Sheriff's Office,County,GEORGIA,Whitfield County,Jail Enforcement Model,"Jun 9, 2020","Dalton, GEORGIA 30720",105070
Hall County Sheriff's Office,County,GEORGIA,Hall County,Jail Enforcement Model,"Jun 9, 2020","Gainesville, GEORGIA 30501",221745
Georgia Department of Corrections,State,GEORGIA,#N/A,Jail Enforcement Model,"Jun 9, 2020",GEORGIA,11180878
Dakota County Sheriff's Office,County,NEBRASKA,Dakota County,Jail Enforcement Model,"Jun 9, 2020","County: Dakota County, NEBRASKA",21335
Henderson County Sheriff's Office,County,NORTH CAROLINA,Henderson County,Jail Enforcement Model,"Jun 9, 2020","County: Henderson County, NORTH CAROLINA",120771
Gaston County Sheriff's Office,County,NORTH CAROLINA,Gaston County,Jail Enforcement Model,"Jun 9, 2020","County: Gaston County, NORTH CAROLINA",242010
York County Sheriff's Office,County,SOUTH CAROLINA,York County,Jail Enforcement Model,"Jun 9, 2020","County: York County, SOUTH CAROLINA",303001
Horry County Sheriff's Office,County,SOUTH CAROLINA,Horry County,Jail Enforcement Model,"Jun 9, 2020","County: Horry County, SOUTH CAROLINA",413391
Greene County Sheriff’s Office,County,TENNESSEE,Greene County,Jail Enforcement Model,"Jun 9, 2020","County: Greene County, TENNESSEE",73398
Montgomery County Sheriff’s Office,County,TEXAS,Montgomery County,Jail Enforcement Model,"Jun 9, 2020","County: Montgomery County, TEXAS",749613
Nueces County Sheriff's Office,County,TEXAS,Nueces County,Jail Enforcement Model,"Jun 9, 2020","County: Nueces County, TEXAS",353125
Smith County Sheriff’s Office,County,TEXAS,Smith County,Jail Enforcement Model,"Jun 9, 2020","County: Smith County, TEXAS",249091
Rockwall County Sheriff's Office,County,TEXAS,Rockwall County,Jail Enforcement Model,"Jun 9, 2020","County: Rockwall County, TEXAS",137044
Walker County Sheriff’s Department,County,TEXAS,Walker County,Jail Enforcement Model,"Jun 9, 2020","County: Walker County, TEXAS",83722
Chambers County Sheriff’s Office,County,TEXAS,Chambers County,Jail Enforcement Model,"Jun 9, 2020","County: Chambers County, TEXAS",56179
Wharton County Sheriff’s Office,County,TEXAS,Wharton County,Jail Enforcement Model,"Jun 9, 2020","County: Wharton County, TEXAS",42035
Goliad County Sheriff’s Office,County,TEXAS,Goliad County,Jail Enforcement Model,"Jun 9, 2020","County: Goliad County, TEXAS",7221
Refugio County Sheriff’s Office,County,TEXAS,Refugio County,Jail Enforcement Model,"Jun 9, 2020","County: Refugio County, TEXAS",6739
Terrell County Sheriff's Office,County,TEXAS,Terrell County,Jail Enforcement Model,"Jun 9, 2020","County: Terrell County, TEXAS",718
Floyd County Sheriff's Office,County,GEORGIA,Floyd County,Jail Enforcement Model,"Jun 10, 2020","Rome, GEORGIA 30161",101390
Rensselaer County Sheriff's Office,County,NEW YORK,Rensselaer County,Jail Enforcement Model,"Jun 10, 2020","County: Rensselaer County, NEW YORK",160749
Waukesha County Sheriff's Department,County,WISCONSIN,Waukesha County,Jail Enforcement Model,"Jun 10, 2020","Waukesha County, WISCONSIN",417029
Arizona Department of Corrections,State,ARIZONA,#N/A,Jail Enforcement Model,"Jun 16, 2020",ARIZONA,7582384
Tarrant County Sheriff’s Office,County,TEXAS,Tarrant County,Jail Enforcement Model,"Jun 16, 2020","County: Tarrant County, TEXAS",2230708
Craighead County Sheriff's Office,County,ARKANSAS,Craighead County,Jail Enforcement Model,"Jun 18, 2020","Jonesboro, ARKANSAS 72401",115852
Duplin County Sheriff's Office,County,NORTH CAROLINA,Duplin County,Warrant Service Officer,"Jun 25, 2020","County: Duplin County, NORTH CAROLINA",50539
Benton County Sheriff's Office,County,ARKANSAS,Benton County,Jail Enforcement Model,"Jun 30, 2020","Bentonville, ARKANSAS 72712",321566
Polk County Sheriff's Office,County,GEORGIA,Polk County,Jail Enforcement Model,"Jul 2, 2020","Cedartown, GEORGIA 30125",44610
Kodiak Police Department,Municipality,ALASKA,#N/A,Warrant Service Officer,"Jul 20, 2020","Kodiak, ALASKA 99615",5399
Yancey County Sheriff's Office,County,NORTH CAROLINA,Yancey County,Warrant Service Officer,"Jul 20, 2020","County: Yancey County, NORTH CAROLINA",18993
Jackson County Sheriff’s Office,County,KANSAS,Jackson County,Warrant Service Officer,"Jul 23, 2020","County: Jackson County, KANSAS",13525
Avery County Sheriff's Office,County,NORTH CAROLINA,Avery County,Warrant Service Officer,"Jul 23, 2020","County: Avery County, NORTH CAROLINA",17811
Brunswick County Sheriff's Office,County,NORTH CAROLINA,Brunswick County,Warrant Service Officer,"Jul 23, 2020","County: Brunswick County, NORTH CAROLINA",167112
Alaska Department of Corrections,State,ALASKA,#N/A,Warrant Service Officer,"Jul 24, 2020",ALASKA,740133
Kleberg County Sheriff's Office,County,TEXAS,Kleberg County,Jail Enforcement Model,"Jul 31, 2020","County: Kleberg County, TEXAS",30442
Gooding County Sheriff's Office,County,IDAHO,Gooding County,Warrant Service Officer,"Aug 17, 2020","County: Gooding County, IDAHO",16189
Florida Department of Corrections,State,FLORIDA,#N/A,Jail Enforcement Model,"Aug 21, 2020",FLORIDA,23372215
Brown County Sheriff's Office,County,WISCONSIN,Brown County,Warrant Service Officer,"Oct 16, 2020","County: Brown County, WISCONSIN",273909
Power County Sheriff’s Office,County,IDAHO,Power County,Warrant Service Officer,"Nov 20, 2020","County: Power County, IDAHO",8381
Kendall County Sheriff's Office,County,TEXAS,Kendall County,Warrant Service Officer,"Dec 23, 2020","Kendall County, TEXAS",51828
Texas Office of the Attorney General,State,TEXAS,#N/A,Task Force Model,"Jan 30, 2025",TEXAS,31290831
"Florida Department of Highway Safety and Motor Vehicles, Division of Highway Patrol",State,FLORIDA,#N/A,Task Force Model,"Feb 7, 2025",FLORIDA,23372215
Florida Department of Law Enforcement,State,FLORIDA,#N/A,Task Force Model,"Feb 14, 2025",FLORIDA,23372215
Florida Fish & Wildlife Conservation Commission,State,FLORIDA,#NA,Task Force Model,"Feb 14, 2025",FLORIDA,23372215
Kansas Bureau of Investigation,State,KANSAS,#N/A,Task Force Model,"Feb 18, 2025",KANSAS,2970606
Oklahoma Bureau of Investigation,State,OKLAHOMA,#N/A,Task Force Model,"Feb 18, 2025",OKLAHOMA,4095393
Oklahoma Bureau of Narcotics,State,OKLAHOMA,#N/A,Task Force Model,"Feb 18, 2025",OKLAHOMA,4095393
Oklahoma Department of Public Safety,State,OKLAHOMA,#N/A,Task Force Model,"Feb 18, 2025",OKLAHOMA,4095393
Smith County Sheriff’s Office,County,TEXAS,Smith County,Task Force Model,"Feb 18, 2025","County: Smith County, TEXAS",249091
Goliad County Sheriff's Office,County,TEXAS,Goliad County,Warrant Service Officer,"Feb 18, 2025","County: Goliad County, TEXAS",7221
Goliad County Sheriff's Office,County,TEXAS,Goliad County,Task Force Model,"Feb 18, 2025","County: Goliad County, TEXAS",7221
St. Lucie County Sheriff's Office,County,FLORIDA,St. Lucie County,Warrant Service Officer,"Feb 19, 2025","Fort Pierce, FLORIDA 34950",390670
Owyhee County Sheriff's Office,County,IDAHO,Owyhee County,Warrant Service Officer,"Feb 19, 2025","County: Owyhee County, IDAHO",12748
Owyhee County Sheriff's Office,County,IDAHO,Owyhee County,Task Force Model,"Feb 19, 2025","County: Owyhee County, IDAHO",12748
Douglas County Sheriff's Office,County,NEVADA,Douglas County,Warrant Service Officer,"Feb 19, 2025","County: Douglas County, NEVADA",49564
Lynn Haven Police Department,Municipality,FLORIDA,#N/A,Task Force Model,"Feb 24, 2025","Lynn Haven, FLORIDA",21954
Dixie County Sheriff's Office,County,FLORIDA,Dixie County,Warrant Service Officer,"Feb 24, 2025","Cross City, FLORIDA 32628",17614
Clay County Sheriff's Office,County,FLORIDA,Clay County,Warrant Service Officer,"Feb 24, 2025","Green Cove Springs, FLORIDA 32043",236760
Alachua County Sheriff's Office,County,FLORIDA,Alachua County,Warrant Service Officer,"Feb 24, 2025","Gainesville, FLORIDA 32601",291782
Collier County Sheriff's Office,County,FLORIDA,Collier County,Task Force Model,"Feb 24, 2025","Naples, FLORIDA 34102",416233
Brevard County Sheriff's Office,County,FLORIDA,Brevard County,Task Force Model,"Feb 24, 2025","Titusville, FLORIDA 32780",658447
Lee County Sheriff's Office,County,FLORIDA,Lee County,Task Force Model,"Feb 24, 2025","Fort Myers, FLORIDA 33902",860959
Monroe County Sheriff's Office,County,GEORGIA,Monroe County,Jail Enforcement Model,"Feb 24, 2025","Forsyth, GEORGIA 31029",31437
Walker County Sheriff's Office,County,GEORGIA,Walker County,Jail Enforcement Model,"Feb 24, 2025","LaFayette, GEORGIA 30728",69340
Butler County Sheriff's Office,County,OHIO,Butler County,Jail Enforcement Model,"Feb 24, 2025","County: Butler County, OHIO",399542
Okmulgee County Criminal Justice Authority,County,OKLAHOMA,Okmulgee County,Warrant Service Officer,"Feb 24, 2025","County: Okmulgee County, OKLAHOMA",37084
Putnam County Sheriff's Office,County,TENNESSEE,Putnam County,Jail Enforcement Model,"Feb 24, 2025","County: Putnam County, TENNESSEE",84894
Harrison County Sheriff's Office,County,TEXAS,Harrison County,Warrant Service Officer,"Feb 24, 2025","County: Harrison County, TEXAS",71370
Bee County Sheriff's Office,County,TEXAS,Bee County,Warrant Service Officer,"Feb 24, 2025","County: Bee County, TEXAS",31226
Lavaca County Sheriff's Office,County,TEXAS,Lavaca County,Warrant Service Officer,"Feb 24, 2025","County: Lavaca County, TEXAS",20605
Calhoun County Sheriff's Office,County,TEXAS,Calhoun County,Warrant Service Officer,"Feb 24, 2025","County: Calhoun County, TEXAS",19942
Jackson County Sheriff's Office,County,TEXAS,Jackson County,Warrant Service Officer,"Feb 24, 2025","County: Jackson County, TEXAS",15284
Panama City Beach Police Department,Municipality,FLORIDA,#N/A,Task Force Model,"Feb 25, 2025","Panama City Beach, FLORIDA",19955
Oklahoma Department of Corrections,State,OKLAHOMA,#N/A,Warrant Service Officer,"Feb 25, 2025",OKLAHOMA,4095393
Oklahoma Department of Corrections,State,OKLAHOMA,#N/A,Jail Enforcement Model,"Feb 25, 2025",OKLAHOMA,4095393
Liberty County Sheriff's Office,County,FLORIDA,Liberty County,Task Force Model,"Feb 26, 2025","Bristol, FLORIDA 32321",7955
Lafayette County Sheriff's Office,County,FLORIDA,Lafayette County,Task Force Model,"Feb 26, 2025","Lafayette County, FLORIDA",8640
Franklin County Sheriff's Office,County,FLORIDA,Franklin County,Task Force Model,"Feb 26, 2025","Eastpoint, FLORIDA 32328",12979
Glades County Sheriff's Office,County,FLORIDA,Glades County,Warrant Service Officer,"Feb 26, 2025","Moore Haven, FLORIDA 33471",13132
Glades County Sheriff's Office,County,FLORIDA,Glades County,Task Force Model,"Feb 26, 2025","Moore Haven, FLORIDA 33471",13132
Calhoun County Sheriff's Office,County,FLORIDA,Calhoun County,Task Force Model,"Feb 26, 2025","Blountstown, FLORIDA 32424",13278
Hamilton County Sheriff's Office,County,FLORIDA,Hamilton County,Task Force Model,"Feb 26, 2025","Jasper, FLORIDA 32052",14334
Union County Sheriff's Office,County,FLORIDA,Union County,Warrant Service Officer,"Feb 26, 2025","Lake Butler, FLORIDA 32054",15738
Union County Sheriff's Office,County,FLORIDA,Union County,Task Force Model,"Feb 26, 2025","Lake Butler, FLORIDA 32054",15738
Gulf County Board of County Commissioners /Detention Facility,County,FLORIDA,Gulf County,Warrant Service Officer,"Feb 26, 2025","Port St. Joe, FLORIDA 32456",15876
Gulf County Sheriff's Office,County,FLORIDA,Gulf County,Task Force Model,"Feb 26, 2025","Port St. Joe, FLORIDA 32456",15876
Jefferson County Sheriff's Office,County,FLORIDA,Jefferson County,Task Force Model,"Feb 26, 2025","County: Jefferson County, FLORIDA",15921
Dixie County Sheriff's Office,County,FLORIDA,Dixie County,Task Force Model,"Feb 26, 2025","Cross City, FLORIDA 32628",17614
Madison County Sheriff's Office,County,FLORIDA,Madison County,Task Force Model,"Feb 26, 2025","Madison, FLORIDA 32340",18364
Holmes County Sheriff's Office,County,FLORIDA,Holmes County,Task Force Model,"Feb 26, 2025","County: Holmes County, FLORIDA",19876
Gilchrist County Sheriff's Office,County,FLORIDA,Gilchrist County,Warrant Service Officer,"Feb 26, 2025","Trenton, FLORIDA 32693",20233
Gilchrist County Sheriff's Office,County,FLORIDA,Gilchrist County,Task Force Model,"Feb 26, 2025","Trenton, FLORIDA 32693",20233
Taylor County Sheriff's Office,County,FLORIDA,Taylor County,Task Force Model,"Feb 26, 2025","Perry, FLORIDA 32347",21843
Hardee County Sheriff's Office,County,FLORIDA,Hardee County,Warrant Service Officer,"Feb 26, 2025","Wauchula, FLORIDA 33873",26068
Washington County Sheriff's Office,County,FLORIDA,Washington County,Warrant Service Officer,"Feb 26, 2025","County: Washington County, FLORIDA",26503
Washington County Sheriff's Office,County,FLORIDA,Washington County,Task Force Model,"Feb 26, 2025","County: Washington County, FLORIDA",26503
Bradford County Sheriff's Office,County,FLORIDA,Bradford County,Task Force Model,"Feb 26, 2025","Starke, FL 32091",28075
Baker County Sheriff's Office,County,FLORIDA,Baker County,Task Force Model,"Feb 26, 2025","Maccleny, FLORIDA 32063",29325
DeSoto County Sheriff's Office,County,FLORIDA,DeSoto County,Task Force Model,"Feb 26, 2025","Arcadia, FLORIDA 34266",36744
Wakulla County Sheriff's Office,County,FLORIDA,Wakulla County,Task Force Model,"Feb 26, 2025","County: Wakulla County, FLORIDA",37115
Okeechobee County Sheriff's Office,County,FLORIDA,Okeechobee County,Task Force Model,"Feb 26, 2025","Okeechobee, FLORIDA 34972",42369
Gadsden County Sheriff's Office,County,FLORIDA,Gadsden County,Warrant Service Officer,"Feb 26, 2025","Quincy, FLORIDA 32351",44151
Gadsden County Sheriff's Office,County,FLORIDA,Gadsden County,Task Force Model,"Feb 26, 2025","Quincy, FLORIDA 32351",44151
Hendry County Sheriff's Office,County,FLORIDA,Hendry County,Task Force Model,"Feb 26, 2025","LaBelle, FLORIDA 33935",46130
Suwannee County Sheriff's Office,County,FLORIDA,Suwannee County,Task Force Model,"Feb 26, 2025","Live Oak, FLORIDA 32064",47536
Levy County Sheriff's Office,County,FLORIDA,Levy County,Task Force Model,"Feb 26, 2025","Bronson, FLORIDA 32621",47765
Jackson County Correctional Facility,County,FLORIDA,Jackson County,Warrant Service Officer,"Feb 26, 2025","Marianna, FLORIDA 32446",49980
Jackson County Sheriff's Office,County,FLORIDA,Jackson County,Task Force Model,"Feb 26, 2025","Marianna, FLORIDA 32446",49980
Columbia County Sheriff's Office,County,FLORIDA,Columbia County,Task Force Model,"Feb 26, 2025","Lake City, FLORIDA 32055",73977
Putnam County Sheriff's Office,County,FLORIDA,Putnam County,Task Force Model,"Feb 26, 2025","Palatka, FLORIDA 32177",77301
Monroe County Sheriff's Office,County,FLORIDA,Monroe County,Task Force Model,"Feb 26, 2025","Key West, FLORIDA 33040",80908
Walton County Sheriff's Office,County,FLORIDA,Walton County,Task Force Model,"Feb 26, 2025","DeFuniak Springs, FLORIDA 32433",89666
Nassau County Sheriff's Office,County,FLORIDA,Nassau County,Task Force Model,"Feb 26, 2025","Fernandina Beach, FLORIDA 32034",104376
Highlands County Sheriff's Office,County,FLORIDA,Highlands County,Task Force Model,"Feb 26, 2025","Sebring, FLORIDA 33870",109778
Flagler County Sheriff's Office,County,FLORIDA,Flagler County,Task Force Model,"Feb 26, 2025","Bunnell, FLORIDA 32110",136744
Sumter County Sheriff's Office,County,FLORIDA,Sumter County,Task Force Model,"Feb 26, 2025","Bushnell, FLORIDA 33513",154693
Martin County Sheriff's Office,County,FLORIDA,Martin County,Task Force Model,"Feb 26, 2025","Stuart, FLORIDA 34994",165666
Citrus County Sheriff's Office,County,FLORIDA,Citrus County,Warrant Service Officer,"Feb 26, 2025","Inverness, FLORIDA 34450",170174
Citrus County Sheriff's Office,County,FLORIDA,Citrus County,Task Force Model,"Feb 26, 2025","Inverness, FLORIDA 34450",170174
Indian River County Sheriff's Office,County,FLORIDA,Indian River County,Task Force Model,"Feb 26, 2025","Vero Beach, FLORIDA 32960",172139
Bay County Sheriff's Office,County,FLORIDA,Bay County,Task Force Model,"Feb 26, 2025","Panama City, FLORIDA 32401",199718
Santa Rosa County Sheriff's Office,County,FLORIDA,Santa Rosa County,Task Force Model,"Feb 26, 2025","County: Santa Rosa County, FLORIDA",207653
Charlotte County Sheriff's Office,County,FLORIDA,Charlotte County,Task Force Model,"Feb 26, 2025","Punta Gorda, FLORIDA 33950",212122
Hernando County Sheriff's Office,County,FLORIDA,Hernando County,Task Force Model,"Feb 26, 2025","Brooksville, FLORIDA 34601",218150
Okaloosa County Board of County Commissioners/ Department of Corrections,County,FLORIDA,Okaloosa County,Warrant Service Officer,"Feb 26, 2025","Crestview, FLORIDA 32536",220483
Okaloosa County Sheriff's Office,County,FLORIDA,Okaloosa County,Task Force Model,"Feb 26, 2025","Crestview, FLORIDA 32536",220483
Clay County Sheriff's Office,County,FLORIDA,Clay County,Task Force Model,"Feb 26, 2025","Green Cove Springs, FLORIDA 32043",236760
Alachua County Sheriff's Office,County,FLORIDA,Alachua County,Task Force Model,"Feb 26, 2025","Gainesville, FLORIDA 32601",291782
Leon County Sheriff's Office,County,FLORIDA,Leon County,Task Force Model,"Feb 26, 2025","Tallahassee, FLORIDA 32301",300488
Escambia County Board of County Commissioners/ Department of Corrections,County,FLORIDA,Escambia County,Warrant Service Officer,"Feb 26, 2025","Pensacola, FLORIDA 32501",331275
Escambia County Sheriff's Office,County,FLORIDA,Escambia County,Task Force Model,"Feb 26, 2025","Pensacola, FLORIDA 32501",331275
St. Johns County Sheriff's Office,County,FLORIDA,St. Johns County,Task Force Model,"Feb 26, 2025","St. Augustine, FLORIDA 32084",334928
St. Lucie County Sheriff's Office,County,FLORIDA,St. Lucie County,Task Force Model,"Feb 26, 2025","Fort Pierce, FLORIDA 34950",390670
Marion County Sheriff's Office,County,FLORIDA,Marion County,Task Force Model,"Feb 26, 2025","Ocala, FLORIDA 34470",428905
Lake County Sheriff's Office,County,FLORIDA,Lake County,Task Force Model,"Feb 26, 2025","Tavares, FL 32778",444204
Manatee County Sheriff's Office,County,FLORIDA,Manatee County,Task Force Model,"Feb 26, 2025","Bradenton, FLORIDA 34205",458352
Osceola County Sheriff's Office,County,FLORIDA,Osceola County,Task Force Model,"Feb 26, 2025","Kissimmee, FLORIDA 34741",468058
Sarasota County Sheriff's Office,County,FLORIDA,Sarasota County,Task Force Model,"Feb 26, 2025","Sarasota, FLORIDA 34236",476604
Seminole County Sheriff's Office,County,FLORIDA,Seminole County,Task Force Model,"Feb 26, 2025","Sanford, FLORIDA 32771",494605
Volusia County Division of Corrections,County,FLORIDA,Volusia County,Warrant Service Officer,"Feb 26, 2025","DeLand, FLORIDA 32720",602772
Volusia County Sheriff's Office,County,FLORIDA,Volusia County,Task Force Model,"Feb 26, 2025","DeLand, FLORIDA 32720",602772
Pasco County Board of County Commissioners/ Pasco County Corrections,County,FLORIDA,Pasco County,Warrant Service Officer,"Feb 26, 2025","Dade City, FLORIDA 33523",659114
Pasco County Sheriff's Office,County,FLORIDA,Pasco County,Task Force Model,"Feb 26, 2025","Dade City, FLORIDA 33523",659114
Polk County Sheriff's Office,County,FLORIDA,Polk County,Task Force Model,"Feb 26, 2025","Bartow, FLORIDA 33830",852878
Lee County Sheriff's Office,County,FLORIDA,Lee County,Warrant Service Officer,"Feb 26, 2025","Fort Myers, FLORIDA 33902",860959
Pinellas County Sheriff's Office,County,FLORIDA,Pinellas County,Task Force Model,"Feb 26, 2025","Clearwater, FLORIDA 33756",965870
Jacksonville Sheriff's Office,County,FLORIDA,Duval County,Task Force Model,"Feb 26, 2025","Jacksonville, FLORIDA 32202",1055159
Orange County Corrections Department,County,FLORIDA,Orange County,Warrant Service Officer,"Feb 26, 2025","Orlando, FLORIDA 32801",1533646
Orange County Sheriff's Office,County,FLORIDA,Orange County,Task Force Model,"Feb 26, 2025","Orlando, FLORIDA 32801",1533646
Hillsborough County Sheriff's Office,County,FLORIDA,Hillsborough County,Warrant Service Officer,"Feb 26, 2025","Tampa, FLORIDA 33602",1581426
Hillsborough County Sheriff's Office,County,FLORIDA,Hillsborough County,Task Force Model,"Feb 26, 2025","Tampa, FLORIDA 33602",1581426
Palm Beach County Sheriff's Office,County,FLORIDA,Palm Beach County,Warrant Service Officer,"Feb 26, 2025","West Palm Beach, FLORIDA 33401",1582055
Palm Beach County Sheriff's Office,County,FLORIDA,Palm Beach County,Task Force Model,"Feb 26, 2025","West Palm Beach, FLORIDA 33401",1582055
Broward County Sheriff's Office,County,FLORIDA,Broward County,Task Force Model,"Feb 26, 2025","Fort Lauderdale, FL 33312",2037472
Miami-Dade Corrections and Rehabilitation,County,FLORIDA,Miami-Dade County,Warrant Service Officer,"Feb 26, 2025","Miami, FLORIDA 33128",2838461
Miami-Dade Sheriff's Office,County,FLORIDA,Miami-Dade County,Task Force Model,"Feb 26, 2025","Miami, FLORIDA 33128",2838461
Columbia County Sheriff's Office,County,GEORGIA,Columbia County,Jail Enforcement Model,"Feb 26, 2025","Evans, GEORGIA 30809",167472
Gorham Police Department,Municipality,NEW HAMPSHIRE,#N/A,Task Force Model,"Feb 26, 2025","Gorham, NEW HAMPSHIRE",null
Blaine County Sheriff's Office,County,OKLAHOMA,Blaine County,Warrant Service Officer,"Feb 26, 2025","County: Blaine County, OKLAHOMA",8573
Victoria County Sheriff’s Office,County,TEXAS,Victoria County,Warrant Service Officer,"Feb 26, 2025","County: Victoria County, TEXAS",91949
DeWitt County Sheriff’s Office,County,TEXAS,DeWitt County,Warrant Service Officer,"Feb 26, 2025","County: DeWitt County, TEXAS",20252
Campbell County Sheriff's Office,County,WYOMING,Campbell County,Warrant Service Officer,"Feb 26, 2025","Gillette, WYOMING 82718",47946
Pierce County Sheriff's Office,County,GEORGIA,Pierce County,Warrant Service Officer,"Feb 27, 2025","Blackshear, GEORGIA 31516",20669
Bibb County Sheriff's Office,County,GEORGIA,Bibb County,Warrant Service Officer,"Feb 27, 2025","Macon, GEORGIA 31201",157056
Parker County Sheriff's Office,County,TEXAS,Parker County,Warrant Service Officer,"Feb 27, 2025","County: Parker County, TEXAS",179707
Belleair Police Department,Municipality,FLORIDA,#N/A,Task Force Model,"Feb 28, 2025","Belleair, FLORIDA 33756",4614
Chattahoochee Police Department,Municipality,FLORIDA,#N/A,Task Force Model,"Feb 28, 2025","Chattahoochee, FLORIDA 32324",3028
Clearwater Police Department,Municipality,FLORIDA,#N/A,Task Force Model,"Feb 28, 2025","Clearwater, FLORIDA 33756",116811
Gulfport Police Department,Municipality,FLORIDA,#N/A,Task Force Model,"Feb 28, 2025","Gulfport, FLORIDA 33707",11645
Indian Shores Police Department,Municipality,FLORIDA,#N/A,Task Force Model,"Feb 28, 2025","Indian Shores, FLORIDA",1190
Kenneth City Police Department,Municipality,FLORIDA,#N/A,Task Force Model,"Feb 28, 2025","Kenneth City, FLORIDA",4966
Lake Placid Police Department,Municipality,FLORIDA,#N/A,Task Force Model,"Feb 28, 2025","Lake Placid, FLORIDA",2561
Panama City Police Department,Municipality,FLORIDA,#N/A,Task Force Model,"Feb 28, 2025","Panama City, FLORIDA",37024
Pinellas Park Police Department,Municipality,FLORIDA,#NA,Task Force Model,"Feb 28, 2025","Pinellas Park, FLORIDA",53503
Springfield Police Department,Municipality,FLORIDA,#NA,Task Force Model,"Feb 28, 2025","Springfield, FLORIDA",8495
St. Augustine Police Department,Municipality,FLORIDA,#N/A,Task Force Model,"Feb 28, 2025","St. Augustine, FLORIDA",16033
St. Petersburg Police Department,Municipality,FLORIDA,#N/A,Task Force Model,"Feb 28, 2025","St. Petersburg, FLORIDA",267102
Tampa Police Department,Municipality,FLORIDA,#N/A,Task Force Model,"Feb 28, 2025","Tampa, FLORIDA",414547
Tarpon Springs Police Department,Municipality,FLORIDA,#N/A,Task Force Model,"Feb 28, 2025","Tarpon Springs, FLORIDA",26168
Morgan County Sheriff's Office,County,GEORGIA,Morgan County,Warrant Service Officer,"Feb 28, 2025","Madison, GEORGIA 30650",21940
Bossier Parish Sheriff's Office,County,LOUISIANA,Bossier Parish,Jail Enforcement Model,"Feb 28, 2025","County: Bossier Parish, LOUISIANA",131102
Garrett County Sheriff's Office,County,MARYLAND,Garrett County,Warrant Service Officer,"Feb 28, 2025","Garrett County, MARYLAND",28393
Cass County Sheriff's Office,County,MINNESOTA,Cass County,Task Force Model,"Feb 28, 2025","County: Cass County, MINNESOTA",31442
Nassau County Sheriff's Office,County,NEW YORK,Nassau County,Warrant Service Officer,"Feb 28, 2025","County: Nassau County, NEW YORK",1392438
Seneca County Sheriff's Office,County,OHIO,Seneca County,Warrant Service Officer,"Feb 28, 2025","County: Seneca County, OHIO",54730
Seneca County Sheriff's Office,County,OHIO,Seneca County,Task Force Model,"Feb 28, 2025","County: Seneca County, OHIO",54730
Logan County Sheriff's Office,County,OKLAHOMA,Logan County,Jail Enforcement Model,"Feb 28, 2025","County: Logan County, OKLAHOMA",53860
Randall County Sheriff's Office,County,TEXAS,Randall County,Jail Enforcement Model,"Feb 28, 2025","County: Randall County, TEXAS",150547
Jim Wells County Sheriff's Office,County,TEXAS,Jim Wells County,Jail Enforcement Model,"Feb 28, 2025","County: Jim Wells County, TEXAS",38886
Nixon Police Department,Municipality,TEXAS,#N/A,Task Force Model,"Feb 28, 2025","Nixon, TEXAS",2389
Naples Police Department,Municipality,FLORIDA,#N/A,Task Force Model,"Mar 3, 2025","Naples, FLORIDA",20168
St. Augustine Beach Police Department,Municipality,FLORIDA,#NA,Task Force Model,"Mar 3, 2025","St. Augustine Beach, FLORIDA",6808
Lee County Sheriff's Office,County,FLORIDA,Lee County,Jail Enforcement Model,"Mar 3, 2025","Fort Myers, FLORIDA 33902",860959
Hamilton County Sheriff's Office,County,INDIANA,Hamilton County,Jail Enforcement Model,"Mar 3, 2025","County: Hamilton County, INDIANA",379704
Ossipee Police Department,Municipality,NEW HAMPSHIRE,#N/A,Task Force Model,"Mar 3, 2025","Ossipee, NEW HAMPSHIRE",null
Pittsburgh Police Department,Municipality,NEW HAMPSHIRE,#N/A,Task Force Model,"Mar 3, 2025","Pittsburgh, NEW HAMPSHIRE",null
Belknap County Sheriff's Office,County,NEW HAMPSHIRE,Belknap County,Task Force Model,"Mar 3, 2025","County: Belknap County, NEW HAMPSHIRE",65257
Washington County Sheriff's Office,County,WISCONSIN,Washington County,Warrant Service Officer,"Mar 3, 2025","Washington County, WISCONSIN",138727
Winnebago County Sheriff's Office,County,WISCONSIN,Winnebago County,Warrant Service Officer,"Mar 3, 2025","County: Winnebago County, WISCONSIN",173307
Arcadia Police Department,Municipality,FLORIDA,#N/A,Task Force Model,"Mar 5, 2025","Arcadia, FLORIDA 34266",7974
Blountstown Police Department,Municipality,FLORIDA,#N/A,Task Force Model,"Mar 5, 2025","Blountstown, FLORIDA 32424",2269
Clermont Police Department,Municipality,FLORIDA,#N/A,Task Force Model,"Mar 5, 2025","Clermont, FLORIDA 34711",50851
Deland Police Department,Municipality,FLORIDA,#N/A,Task Force Model,"Mar 5, 2025","DeLand, FLORIDA 32720",45587
Indian River Shores Department of Public Safety,Municipality,FLORIDA,#N/A,Task Force Model,"Mar 5, 2025","Indian River Shores Department of Public Safety, FLORIDA",4466
Key West Police Department,Municipality,FLORIDA,#N/A,Task Force Model,"Mar 5, 2025","Key West, FLORIDA",25240
Marianna Police Department,Municipality,FLORIDA,#N/A,Task Force Model,"Mar 5, 2025","Marianna, FLORIDA",7975
Palm Beach Gardens Police Department,Municipality,FLORIDA,#N/A,Task Force Model,"Mar 5, 2025","Palm Beach Gardens, FLORIDA",63284
Cowley County Sheriff's Office,County,KANSAS,Cowley County,Warrant Service Officer,"Mar 5, 2025","County: Cowley County, KANSAS",34186
Reno County Sheriff's office,County,KANSAS,Reno County,Warrant Service Officer,"Mar 5, 2025","County: Reno County, KANSAS",61417
Grayson County Detention Center,County,KENTUCKY,Grayson County,Warrant Service Officer,"Mar 5, 2025","County: Grayson County, KENTUCKY",27070
Grayson County Detention Center,County,KENTUCKY,Grayson County,Jail Enforcement Model,"Mar 5, 2025","County: Grayson County, KENTUCKY",27070
Grayson County Sheriff’s Office,County,KENTUCKY,Grayson County,Task Force Model,"Mar 5, 2025","County: Grayson County, KENTUCKY",27070
Montana Department of Justice,State,MONTANA,#N/A,Task Force Model,"Mar 5, 2025",MONTANA,1137233
Colebrook Police Department,Municipality,NEW HAMPSHIRE,#N/A,Task Force Model,"Mar 5, 2025","Colebrook, NEW HAMPSHIRE",null
Columbus County Sheriff's Office,County,NORTH CAROLINA,Columbus County,Warrant Service Officer,"Mar 5, 2025","County: Columbus County, NORTH CAROLINA",50054
Rusk County Sheriff's Office,County,TEXAS,Rusk County,Warrant Service Officer,"Mar 5, 2025","County: Rusk County, TEXAS",53391
Coral Gables Police Department,Municipality,FLORIDA,#N/A,Task Force Model,"Mar 7, 2025","Coral Gables, FLORIDA 33134",50379
Davie Police Department,Municipality,FLORIDA,#N/A,Task Force Model,"Mar 7, 2025","Davie, FLORIDA 33324",112052
Juno Beach Police Department,Municipality,FLORIDA,#N/A,Task Force Model,"Mar 7, 2025","Juno Beach, FLORIDA",3969
Palm Beach Police Department,Municipality,FLORIDA,#N/A,Task Force Model,"Mar 7, 2025","Palm Beach, FLORIDA",9493
Tequesta Police Department,Municipality,FLORIDA,#N/A,Task Force Model,"Mar 7, 2025","Tequesta, FLORIDA",6285
Treasure Island Police Department,Municipality,FLORIDA,#N/A,Task Force Model,"Mar 7, 2025","Treasure Island, FLORIDA",6524
Grafton County Sheriff's Office,County,NEW HAMPSHIRE,Grafton County,Task Force Model,"Mar 7, 2025","County: Grafton County, NEW HAMPSHIRE",93045
Dickinson Police Department,Municipality,NORTH DAKOTA,#N/A,Task Force Model,"Mar 7, 2025","Dickinson, NORTH DAKOTA",25695
Sterling Police Department,Municipality,OKLAHOMA,#N/A,Task Force Model,"Mar 7, 2025","Sterling, OKLAHOMA",668
County of Franklin / Franklin County Jail,County,PENNSYLVANIA,Franklin County,Warrant Service Officer,"Mar 7, 2025","County: Franklin County, PENNSYLVANIA",159285
South Carolina Law Enforcement Division,State,SOUTH CAROLINA,#N/A,Task Force Model,"Mar 7, 2025",SOUTH CAROLINA,5478831
Hughes County Sheriff's Office,County,SOUTH DAKOTA,Hughes County,Warrant Service Officer,"Mar 7, 2025","County: Hughes County, SOUTH DAKOTA",17526
Calhoun County Sheriff's Office,County,TEXAS,Calhoun County,Task Force Model,"Mar 7, 2025","County: Calhoun County, TEXAS",19942
Refugio County Sheriff’s Office,County,TEXAS,Refugio County,Warrant Service Officer,"Mar 7, 2025","County: Refugio County, TEXAS",6739
Bedford County Sheriff's Office,County,VIRGINIA,Bedford County,Task Force Model,"Mar 7, 2025","County: Bedford County, VIRGINIA",82182
Sweetwater County Sheriff's Office,County,WYOMING,Sweetwater County,Jail Enforcement Model,"Mar 7, 2025","Rock Springs, WYOMING 82901",41273
Daytona Beach Shores Public Safety,Municipality,FLORIDA,#N/A,Task Force Model,"Mar 10, 2025","Daytona Beach Shores, FLORIDA 32118",5223
Jupiter Inlet Colony Police Department,Municipality,FLORIDA,#N/A,Task Force Model,"Mar 10, 2025","Jupiter Inlet Colony, FLORIDA",456
Sunny Isles Police Department,Municipality,FLORIDA,#N/A,Task Force Model,"Mar 10, 2025","Sunny Isles, FLORIDA",22903
Tallahassee Police Department,Municipality,FLORIDA,#N/A,Task Force Model,"Mar 10, 2025","Tallahassee, FLORIDA",205089
Georgia Department of Public Safety,State,GEORGIA,#N/A,Task Force Model,"Mar 10, 2025",GEORGIA,11180878
Oldham County Detention Center,County,KENTUCKY,Oldham County,Warrant Service Officer,"Mar 10, 2025","County: Oldham County, KENTUCKY",70525
Oldham County Detention Center,County,KENTUCKY,Oldham County,Jail Enforcement Model,"Mar 10, 2025","County: Oldham County, KENTUCKY",70525
Daviess County Sheriff's Office,County,KENTUCKY,Daviess County,Warrant Service Officer,"Mar 10, 2025","County: Daviess County, KENTUCKY",104457
Daviess County Sheriff's Office,County,KENTUCKY,Daviess County,Task Force Model,"Mar 10, 2025","County: Daviess County, KENTUCKY",104457
Washington County Sheriff's Office,County,MARYLAND,Washington County,Warrant Service Officer,"Mar 10, 2025","County: Washington County, MARYLAND",157228
Mineral County Sheriff's Office,County,NEVADA,Mineral County,Warrant Service Officer,"Mar 10, 2025","County: Mineral County, NEVADA",4475
Broome County Sheriff's Office,County,NEW YORK,Broome County,Warrant Service Officer,"Mar 10, 2025","County: Broome County, NEW YORK",196397
Nassau County Police Department,County,NEW YORK,Nassau County,Task Force Model,"Mar 10, 2025","County: Nassau County, NEW YORK",1392438
Cherokee County Sheriff's Office,County,NORTH CAROLINA,Cherokee County,Warrant Service Officer,"Mar 10, 2025","County: Cherokee County, NORTH CAROLINA",30373
Craven County Sheriff's Office,County,NORTH CAROLINA,Craven County,Warrant Service Officer,"Mar 10, 2025","County: Craven County, NORTH CAROLINA",104167
Dunn County Sheriff's Office,County,NORTH DAKOTA,Dunn County,Warrant Service Officer,"Mar 10, 2025","County: Dunn County, NORTH DAKOTA",4031
Dunn County Sheriff's Office,County,NORTH DAKOTA,Dunn County,Task Force Model,"Mar 10, 2025","County: Dunn County, NORTH DAKOTA",4031
Franklin County Sheriffs Office,County,PENNSYLVANIA,Franklin County,Task Force Model,"Mar 10, 2025","County: Franklin County, PENNSYLVANIA",159285
Chester County Sheriff's Office,County,SOUTH CAROLINA,Chester County,Warrant Service Officer,"Mar 10, 2025","County: Chester County, SOUTH CAROLINA",32323
Charleston County Sheriff's Office,County,SOUTH CAROLINA,Charleston County,Warrant Service Officer,"Mar 10, 2025","County: Charleston County, SOUTH CAROLINA",431001
Titus County Sheriff's Office,County,TEXAS,Titus County,Warrant Service Officer,"Mar 10, 2025","County: Titus County, TEXAS",31547
Titus County Sheriff's Office,County,TEXAS,Titus County,Task Force Model,"Mar 10, 2025","County: Titus County, TEXAS",31547
Sutton County Sheriff's Office,County,TEXAS,Sutton County,Warrant Service Officer,"Mar 10, 2025","County: Sutton County, TEXAS",3269
Sutton County Sheriff's Office,County,TEXAS,Sutton County,Task Force Model,"Mar 10, 2025","County: Sutton County, TEXAS",3269
Henry County Sheriff's Office,County,ALABAMA,Henry County,Warrant Service Officer,"Mar 17, 2025","Abbeville, ALABAMA 36310",18141
Henry County Sheriff's Office,County,ALABAMA,Henry County,Jail Enforcement Model,"Mar 17, 2025","Abbeville, ALABAMA 36310",18141
Elmore County Sheriff's Office,County,ALABAMA,Elmore County,Jail Enforcement Model,"Mar 17, 2025","Wetumpka, ALABAMA 36092",91042
Okeechobee Police Department,Municipality,FLORIDA,#N/A,Task Force Model,"Mar 17, 2025","Okeechobee, FLORIDA",5731
Tavares Police Department,Municipality,FLORIDA,#N/A,Task Force Model,"Mar 17, 2025","Tavares, FLORIDA",22007
Venice Police Department,Municipality,FLORIDA,#N/A,Task Force Model,"Mar 17, 2025","Venice, FLORIDA",29902
Jasper County Sheriff's Office,County,INDIANA,Jasper County,Warrant Service Officer,"Mar 17, 2025","County: Jasper County, INDIANA",33387
Kenner Police Department,Municipality,LOUISIANA,#NA,Jail Enforcement Model,"Mar 17, 2025","Kenner, LOUISIANA",64650
Mississippi Attorney General's Office,State,MISSISSIPPI,#N/A,Task Force Model,"Mar 17, 2025",MISSISSIPPI,2943045
Troy Police Department,Municipality,NEW HAMPSHIRE,#N/A,Task Force Model,"Mar 17, 2025","Troy, NEW HAMPSHIRE",null
McKenzie County Sheriff's Office,County,NORTH DAKOTA,McKenzie County,Task Force Model,"Mar 17, 2025","County: McKenzie County, NORTH DAKOTA",14782
Portage County Sheriff's Office,County,OHIO,Portage County,Warrant Service Officer,"Mar 17, 2025","Portage County, OHIO",163839
Portage County Sheriff's Office,County,OHIO,Portage County,Task Force Model,"Mar 17, 2025","County: Portage County, OHIO",163839
Minnehaha County Sheriff's Office,County,SOUTH DAKOTA,Minnehaha County,Warrant Service Officer,"Mar 17, 2025","County: Minnehaha County, SOUTH DAKOTA",208639
Hamilton County Sheriff's Office,County,TENNESSEE,Hamilton County,Jail Enforcement Model,"Mar 17, 2025","County: Hamilton County, TENNESSEE",386256
Gregg County Sheriff's Office,County,TEXAS,Gregg County,Jail Enforcement Model,"Mar 17, 2025","County: Gregg County, TEXAS",126679
Deaf Smith County Sheriff's Office,County,TEXAS,Deaf Smith County,Warrant Service Officer,"Mar 17, 2025","County: Deaf Smith County, TEXAS",18495
Wood County Sheriff's Office,County,WISCONSIN,Wood County,Warrant Service Officer,"Mar 17, 2025","Wood County, WISCONSIN",73943
Florida State Guard,State,FLORIDA,#N/A,Task Force Model,"Mar 19, 2025",FLORIDA,23372215
Jackson County Sheriff's Office,County,MICHIGAN,Jackson County,Warrant Service Officer,"Mar 19, 2025","County: Jackson County, MICHIGAN",160233
Missouri Highway Patrol,State,MISSOURI,#N/A,Task Force Model,"Mar 21, 2025",MISSOURI,6245466
Greenville County Sheriff's Office,County,SOUTH CAROLINA,Greenville County,Warrant Service Officer,"Mar 21, 2025","County: Greenville County, SOUTH CAROLINA",570745
Grayson County Sheriff’s Office,County,TEXAS,Grayson County,Jail Enforcement Model,"Mar 21, 2025","County: Grayson County, TEXAS",150532
Fayette County Sheriff's Office,County,TEXAS,Fayette County,Warrant Service Officer,"Mar 21, 2025","County: Fayette County, TEXAS",25488
Winkler County Sheriff's Office,County,TEXAS,Winkler County,Jail Enforcement Model,"Mar 21, 2025","County: Winkler County, TEXAS",7381
Washington County Sheriff's Office,County,UTAH,Washington County,Jail Enforcement Model,"Mar 21, 2025","County: Washington County, UTAH",207943
Washington County Sheriff's Office,County,UTAH,Washington County,Task Force Model,"Mar 21, 2025","County: Washington County, UTAH",207943
Boca Raton Police Services Department,Municipality,FLORIDA,#N/A,Task Force Model,"Mar 25, 2025","Boca Raton, FLORIDA 33432",102238
Bradenton Police Department,Municipality,FLORIDA,#N/A,Task Force Model,"Mar 25, 2025","Bradenton, FLORIDA 34205",58184
Cocoa Beach Police Department,Municipality,FLORIDA,#N/A,Task Force Model,"Mar 25, 2025","Cocoa Beach, FLORIDA 32931",11386
High Springs Police Department,Municipality,FLORIDA,#N/A,Task Force Model,"Mar 25, 2025","High Springs, FLORIDA",6806
Jupiter Island Department of Public Safety,Municipality,FLORIDA,#N/A,Task Force Model,"Mar 25, 2025","Jupiter Island Department of Public Safety, FLORIDA",837
Crow Wing County Sheriff's Office,County,MINNESOTA,Crow Wing County,Task Force Model,"Mar 25, 2025","County: Crow Wing County, MINNESOTA",68642
Jim Wells County Sheriff's Office,County,TEXAS,Jim Wells County,Task Force Model,"Mar 25, 2025","County: Jim Wells County, TEXAS",38886
Falls County Sheriff's Office,County,TEXAS,Falls County,Task Force Model,"Mar 25, 2025","County: Falls County, TEXAS",17752
Franklin County Sheriff's Office,County,ALABAMA,Franklin County,Warrant Service Officer,"Mar 26, 2025","Russellville, ALABAMA 35653",31874
Jupiter Police Department,Municipality,FLORIDA,#N/A,Task Force Model,"Mar 26, 2025","Jupiter, FLORIDA",62987
Orlando Police Department,Municipality,FLORIDA,#N/A,Task Force Model,"Mar 26, 2025","Orlando, FLORIDA",334854
Oviedo Police Department,Municipality,FLORIDA,#N/A,Task Force Model,"Mar 26, 2025","Oviedo, FLORIDA",41901
Sweetwater Police Department,Municipality,FLORIDA,#N/A,Task Force Model,"Mar 26, 2025","Sweetwater, FLORIDA",21321
Vero Beach Police Department,Municipality,FLORIDA,#N/A,Task Force Model,"Mar 26, 2025","Vero Beach, FLORIDA",17556
West Miami Police Department,Municipality,FLORIDA,#NA,Task Force Model,"Mar 26, 2025","West Miami, FLORIDA",7247
Dade County Sheriff's Office,County,GEORGIA,Dade County,Warrant Service Officer,"Mar 26, 2025","Trenton, GEORGIA 30752",16068
Burke County Sheriff's Office,County,GEORGIA,Burke County,Warrant Service Officer,"Mar 26, 2025","Waynesboro, GEORGIA 30830",24472
Decatur County Sheriff's Office,County,GEORGIA,Decatur County,Warrant Service Officer,"Mar 26, 2025","County: Decatur, GEORGIA",29391
Noble County Sheriff's Office,County,INDIANA,Noble County,Warrant Service Officer,"Mar 26, 2025","County: Noble County, INDIANA",47811
Iowa Department of Public Safety,State,IOWA,N/A,Task Force Model,"Mar 26, 2025",IOWA,3241488
Rice County Sheriff's Office,County,KANSAS,Rice County,Warrant Service Officer,"Mar 26, 2025","County: Rice County, KANSAS",9284
Freeborn County Sheriff's Office,County,MINNESOTA,Freeborn County,Warrant Service Officer,"Mar 26, 2025","County: Freeborn County, MINNESOTA",30314
Crow Wing County Sheriff's Office,County,MINNESOTA,Crow Wing County,Warrant Service Officer,"Mar 26, 2025","County: Crow Wing County, MINNESOTA",68642
Christian County Sheriff's Office,County,MISSOURI,Christian County,Warrant Service Officer,"Mar 26, 2025","County: Christian County, MISSOURI",96045
Onslow County Sheriff's Office,County,NORTH CAROLINA,Onslow County,Warrant Service Officer,"Mar 26, 2025","County: Onslow County, NORTH CAROLINA",212954
Bradford County Sheriff's Office,County,PENNSYLVANIA,Bradford County,Warrant Service Officer,"Mar 26, 2025","County: Bradford County, PENNSYLVANIA",59699
Galveston County Sheriff's Office,County,TEXAS,Galveston County,Warrant Service Officer,"Mar 26, 2025","County: Galveston County, TEXAS",367407
Medina County Sheriff's Office,County,TEXAS,Medina County,Task Force Model,"Mar 26, 2025","County: Medina County, TEXAS",55619
Jim Wells County Sheriff's Office,County,TEXAS,Jim Wells County,Warrant Service Officer,"Mar 26, 2025","County: Jim Wells County, TEXAS",38886
Panola County Sheriff's Office,County,TEXAS,Panola County,Warrant Service Officer,"Mar 26, 2025","County: Panola County, TEXAS",23022
Winkler County Sheriff's Office,County,TEXAS,Winkler County,Warrant Service Officer,"Mar 26, 2025","County: Winkler County, TEXAS",7381
Kinney County Sheriff's Office,County,TEXAS,Kinney County,Task Force Model,"Mar 26, 2025","County: Kinney County, TEXAS",3191
Loudoun County Sheriff's Office,County,VIRGINIA,Loudoun County,Warrant Service Officer,"Mar 26, 2025","County: Loudoun County, VIRGINIA",443380
Lumpkin County Sheriff's Office,County,GEORGIA,Lumpkin County,Warrant Service Officer,"Mar 27, 2025","Dahlonega, GEORGIA 30533",36016
Oconee County Sheriff's Office,County,SOUTH CAROLINA,Oconee County,Warrant Service Officer,"Mar 27, 2025","County: Oconee County, SOUTH CAROLINA",82475
Eustis Police Department,Municipality,FLORIDA,#N/A,Task Force Model,"Apr 2, 2025","Eustis, FLORIDA 32726",25067
Lighthouse Point Police Department,Municipality,FLORIDA,#N/A,Task Force Model,"Apr 2, 2025","Lighthouse Point, FLORIDA",10878
Miami Springs Police Department,Municipality,FLORIDA,#N/A,Task Force Model,"Apr 2, 2025","Miami Springs, FLORIDA",13901
Sanibel Police Department,Municipality,FLORIDA,#NA,Task Force Model,"Apr 2, 2025","Sanibel, FLORIDA",6358
Winter Garden Police Department,Municipality,FLORIDA,#NA,Task Force Model,"Apr 2, 2025","Winter Garden, FLORIDA",48771
Florida National Guard,State,FLORIDA,#N/A,Task Force Model,"Apr 2, 2025",FLORIDA,23372215
Butler County Sheriff's Office,County,OHIO,Butler County,Task Force Model,"Apr 2, 2025","County: Butler County, OHIO",399542
Lancaster County Sheriff's Office,County,SOUTH CAROLINA,Lancaster County,Warrant Service Officer,"Apr 2, 2025","County: Lancaster County, SOUTH CAROLINA",111652
Spartanburg County Sheriff's Office,County,SOUTH CAROLINA,Spartanburg County,Warrant Service Officer,"Apr 2, 2025","County: Spartanburg County, SOUTH CAROLINA",369256
Walker County Sheriff's Office,County,TEXAS,Walker County,Warrant Service Officer,"Apr 2, 2025","County: Walker County, TEXAS",83722
Wharton County Sheriff's Office,County,TEXAS,Wharton County,Warrant Service Officer,"Apr 2, 2025","County: Wharton County, TEXAS",42035
Panola County Sheriff's Office,County,TEXAS,Panola County,Task Force Model,"Apr 2, 2025","County: Panola County, TEXAS",23022
Houston County Sheriff's Office,County,TEXAS,Houston County,Warrant Service Officer,"Apr 2, 2025","County: Houston County, TEXAS",22197
Gonzales County Sheriff's Office,County,TEXAS,Gonzales County,Warrant Service Officer,"Apr 2, 2025","County: Gonzales County, TEXAS",20040
Schleicher County Sheriff's Office,County,TEXAS,Schleicher County,Warrant Service Officer,"Apr 2, 2025","County: Schleicher County, TEXAS",2302
Edgewood Police Department,Municipality,FLORIDA,#N/A,Task Force Model,"Apr 10, 2025","Edgewood, FLORIDA 32809",2867
Green Cove Springs Police Department,Municipality,FLORIDA,#N/A,Task Force Model,"Apr 10, 2025","Green Cove Springs, FLORIDA 32043",10087
Havana Police Department,Municipality,FLORIDA,#N/A,Task Force Model,"Apr 10, 2025","Havana, FLORIDA 32333",1756
Highland Beach Police Department,Municipality,FLORIDA,#N/A,Task Force Model,"Apr 10, 2025","Highland Beach, FLORIDA",4368
Holmes Beach Police Department,Municipality,FLORIDA,#N/A,Task Force Model,"Apr 10, 2025","Holmes Beach, FLORIDA",3049
Indian Harbour Beach Police Department,Municipality,FLORIDA,#N/A,Task Force Model,"Apr 10, 2025","Indian Harbour Beach, FLORIDA",9006
Key Colony Beach Police Department,Municipality,FLORIDA,#N/A,Task Force Model,"Apr 10, 2025","Key Colony Beach, FLORIDA",749
Lady Lake Police Department,Municipality,FLORIDA,#N/A,Task Force Model,"Apr 10, 2025","Lady Lake, FLORIDA",17288
Greens Fork Police Department,Municipality,INDIANA,#NA,Task Force Model,"Apr 10, 2025","Greens Fork, INDIANA",329
Kershaw County Sheriff's Office,County,SOUTH CAROLINA,Kershaw County,Task Force Model,"Apr 10, 2025","County: Kershaw County, SOUTH CAROLINA",71698
Texas National Guard,State,TEXAS,#N/A,Task Force Model,"Apr 10, 2025",TEXAS,31290831
Hamilton County Sheriff's Office,County,TEXAS,Hamilton County,Task Force Model,"Apr 10, 2025","County: Hamilton County, TEXAS",8644
Lantana Police Department,Municipality,FLORIDA,#N/A,Task Force Model,"Apr 14, 2025","Lantana, FLORIDA",12545
Live Oak Police Department,Municipality,FLORIDA,#N/A,Task Force Model,"Apr 14, 2025","Live Oak, FLORIDA",7200
Longwood Police Department,Municipality,FLORIDA,#N/A,Task Force Model,"Apr 14, 2025","Longwood, FLORIDA",17089
Melbourne Beach Police Department,Municipality,FLORIDA,#N/A,Task Force Model,"Apr 14, 2025","Melbourne Beach, FLORIDA",3273
Melbourne Police Department,Municipality,FLORIDA,#N/A,Task Force Model,"Apr 14, 2025","Melbourne, FLORIDA",87561
Ocean Ridge Police Department,Municipality,FLORIDA,#NA,Task Force Model,"Apr 14, 2025","Ocean Ridge, FLORIDA",1888
Orange City Police Department,Municipality,FLORIDA,#N/A,Task Force Model,"Apr 14, 2025","Orange City, FLORIDA",15257
Ormond Beach Police Department,Municipality,FLORIDA,#N/A,Task Force Model,"Apr 14, 2025","Ormond Beach, FLORIDA",44596
Pembroke Park Police Department,Municipality,FLORIDA,#NA,Task Force Model,"Apr 14, 2025","Pembroke Park, FLORIDA",6544
Pembroke Pines Police Department,Municipality,FLORIDA,#NA,Task Force Model,"Apr 14, 2025","Pembroke Pines, FLORIDA",179326
Ponce Inlet Police Department,Municipality,FLORIDA,#NA,Task Force Model,"Apr 14, 2025","Ponce Inlet, FLORIDA",3485
St. Cloud Police Department,Municipality,FLORIDA,#N/A,Task Force Model,"Apr 14, 2025","St. Cloud, FLORIDA",71036
Stuart Police Department,Municipality,FLORIDA,#N/A,Task Force Model,"Apr 14, 2025","Stuart, FLORIDA",19566
Zephyrhills Police Department,Municipality,FLORIDA,#NA,Task Force Model,"Apr 14, 2025","Zephyrhills, FLORIDA",22304
Winkler County Sheriff's Office,County,TEXAS,Winkler County,Task Force Model,"Apr 14, 2025","County: Winkler County, TEXAS",7381
Smyth County Sheriff's Office,County,VIRGINIA,Smyth County,Task Force Model,"Apr 14, 2025","Marion, VA 24354",29137
Shenandoah County Sheriff's Office,County,VIRGINIA,Shenandoah County,Task Force Model,"Apr 14, 2025","County: Shenandoah County, VIRGINIA",45441
Florida A&M University Board of Trustees,Municipality,FLORIDA,#N/A,Task Force Model,"Apr 15, 2025","Tallahassee, FLORIDA 32307",null
Florida Southwestern State College Police Department,Municipality,FLORIDA,#N/A,Task Force Model,"Apr 15, 2025","Fort Myers, FLORIDA 33919",null
New College of Florida Police Department,Municipality,FLORIDA,#NA,Task Force Model,"Apr 15, 2025","New College of Florida, FLORIDA",null
Sebastian Police Department,Municipality,FLORIDA,Indian River County,Task Force Model,"Apr 15, 2025","Sebastian, FLORIDA",27087
Sewall's Point Police Department,Municipality,FLORIDA,#NA,Task Force Model,"Apr 15, 2025","Sewall's Point, FLORIDA",2072
Tallahassee State College Police Department,Municipality,FLORIDA,#N/A,Task Force Model,"Apr 15, 2025","Tallahassee State College, FLORIDA",null
University of Florida Police Department,Municipality,FLORIDA,#N/A,Task Force Model,"Apr 15, 2025","University of Florida, FLORIDA",null
University of West Florida Police Department,Municipality,FLORIDA,#N/A,Task Force Model,"Apr 15, 2025","University of West Florida, FLORIDA",null
Crenshaw County Sheriff's Office,County,ALABAMA,Crenshaw County,Warrant Service Officer,"Apr 16, 2025","Luverne, ALABAMA 36049",13114
Navajo County Sheriff's Office,County,ARIZONA,Navajo County,Warrant Service Officer,"Apr 16, 2025","Holbrook, ARIZONA 86025",109516
Muskogee County Sheriff's Office,County,OKLAHOMA,Muskogee County,Warrant Service Officer,"Apr 16, 2025","County: Muskogee County, OKLAHOMA",66752
Giles County Sheriff's Office,County,TENNESSEE,Giles County,Warrant Service Officer,"Apr 16, 2025","County: Giles County, TENNESSEE",30971
Ellis County Sheriff's Office,County,TEXAS,Ellis County,Jail Enforcement Model,"Apr 16, 2025","County: Ellis County, TEXAS",232387
Wichita County Sheriff's Office,County,TEXAS,Wichita County,Warrant Service Officer,"Apr 16, 2025","County: Wichita County, TEXAS",129984
Austin County Sheriff's Office,County,TEXAS,Austin County,Warrant Service Officer,"Apr 16, 2025","County: Austin County, TEXAS",32546
Burleson County Sheriff's Office,County,TEXAS,Burleson County,Warrant Service Officer,"Apr 16, 2025","County: Burleson County, TEXAS",20179
Live Oak County Sheriff's Office,County,TEXAS,Live Oak County,Warrant Service Officer,"Apr 16, 2025","County: Live Oak County, TEXAS",11967
Terrell County Sheriff's Office,County,TEXAS,Terrell County,Warrant Service Officer,"Apr 16, 2025","County: Terrell County, TEXAS",718
Fellsmere Police Department,Municipality,FLORIDA,#N/A,Task Force Model,"Apr 23, 2025","Fellsmere, FLORIDA 32948",5028
Longboat Key Police Department,Municipality,FLORIDA,#N/A,Task Force Model,"Apr 23, 2025","Longboat Key, FLORIDA",7463
Oakland Police Department,Municipality,FLORIDA,#NA,Task Force Model,"Apr 23, 2025","Oakland, FLORIDA",3796
Candia Police Department,Municipality,NEW HAMPSHIRE,#N/A,Task Force Model,"Apr 23, 2025","Candia, NEW HAMPSHIRE",null
Northwest Regional Police Department,Municipality,PENNSYLVANIA,#N/A,Task Force Model,"Apr 23, 2025","Northwest Regional, PENNSYLVANIA",null
Franklin County Sheriff's Office,County,VIRGINIA,Franklin County,Task Force Model,"Apr 23, 2025","County: Franklin County, VIRGINIA",55637
Auburndale Police Department,Municipality,FLORIDA,#N/A,Task Force Model,"Apr 24, 2025","Auburndale, FLORIDA 33823",20659
Belle Isle Police Department,Municipality,FLORIDA,#N/A,Task Force Model,"Apr 24, 2025","Belle Isle, FLORIDA 32809",7741
Florida Polytechnic University Police Department,Municipality,FLORIDA,#N/A,Task Force Model,"Apr 24, 2025","Lakeland, FLORIDA 33805",null
Gulf Breeze Police Department,Municipality,FLORIDA,#N/A,Task Force Model,"Apr 24, 2025","Gulf Breeze, FLORIDA 32561",6955
Kissimmee Police Department,Municipality,FLORIDA,#N/A,Task Force Model,"Apr 24, 2025","Kissimmee, FLORIDA",84756
Lakeland Police Department,Municipality,FLORIDA,#N/A,Task Force Model,"Apr 24, 2025","Lakeland, FLORIDA",124990
Marco Island Police Department,Municipality,FLORIDA,#N/A,Task Force Model,"Apr 24, 2025","Marco Island, FLORIDA",16554
New Smyrna Beach Police Department,Municipality,FLORIDA,#NA,Task Force Model,"Apr 24, 2025","New Smyrna Beach, FLORIDA",33144
North Port Police Department,Municipality,FLORIDA,#NA,Task Force Model,"Apr 24, 2025","North Port, FLORIDA",92875
Ocala Police Department,Municipality,FLORIDA,#NA,Task Force Model,"Apr 24, 2025","Ocala, FLORIDA",70251
Port Orange Police Department,Municipality,FLORIDA,#NA,Task Force Model,"Apr 24, 2025","Port Orange, FLORIDA",66556
Punta Gorda Police Department,Municipality,FLORIDA,#NA,Task Force Model,"Apr 24, 2025","Punta Gorda, FLORIDA",20416
South Daytona Police Department,Municipality,FLORIDA,#NA,Task Force Model,"Apr 24, 2025","South Daytona, FLORIDA",13906
West Melbourne Police Department,Municipality,FLORIDA,#NA,Task Force Model,"Apr 24, 2025","West Melbourne, FLORIDA",31378
"Florida Department of Environmental Protection, Division of Law Enforcement",State,FLORIDA,#N/A,Task Force Model,"Apr 24, 2025",FLORIDA,23372215
Florida Department of Lottery Services,State,FLORIDA,#N/A,Task Force Model,"Apr 24, 2025",FLORIDA,23372215
Florida Division of Alcoholic Beverages and Tobacco,State,FLORIDA,#N/A,Task Force Model,"Apr 24, 2025",FLORIDA,23372215
Florida Gaming Control Commission,State,FLORIDA,#N/A,Task Force Model,"Apr 24, 2025",FLORIDA,23372215
Rockingham County Sheriff's Office,County,NEW HAMPSHIRE,Rockingham County,Task Force Model,"Apr 24, 2025","County: Rockingham County, NEW HAMPSHIRE",322433
Lancaster County Sheriff's Office,County,PENNSYLVANIA,Lancaster County,Task Force Model,"Apr 24, 2025","County: Lancaster County, PENNSYLVANIA",563293
Sweetwater County Sheriff's Office,County,WYOMING,Sweetwater County,Task Force Model,"Apr 24, 2025","Rock Springs, WYOMING 82901",41273
Davenport Police Department,Municipality,FLORIDA,#N/A,Task Force Model,"Apr 25, 2025","Davenport, FLORIDA 33837",16764
Melbourne International Airport Police Department,Municipality,FLORIDA,#N/A,Task Force Model,"Apr 25, 2025","Melbourne International Airport, FLORIDA",null
New Hampshire State Police Department,State,NEW HAMPSHIRE,#N/A,Task Force Model,"Apr 25, 2025",NEW HAMPSHIRE,1409032
Taylor Police Department,Municipality,MICHIGAN,#N/A,Task Force Model,"Apr 28, 2025","Taylor, MICHIGAN",61544
Saint Mary Police Department,Municipality,MISSOURI,#N/A,Task Force Model,"Apr 28, 2025","Saint Mary, MISSOURI",306
Bartow Police Department,Municipality,FLORIDA,#N/A,Task Force Model,"Apr 29, 2025","Bartow, FLORIDA 33830",22084
Daytona Beach Police Department,Municipality,FLORIDA,#N/A,Task Force Model,"Apr 29, 2025","Daytona Beach, FLORIDA 32114",86015
Lake City Police Department,Municipality,FLORIDA,#N/A,Task Force Model,"Apr 29, 2025","Lake City, FLORIDA",12783
Lake Clarke Shores Police Department,Municipality,FLORIDA,#N/A,Task Force Model,"Apr 29, 2025","Lake Clarke Shores, FLORIDA",3629
Riviera Beach Police Department,Municipality,FLORIDA,#NA,Task Force Model,"Apr 29, 2025","Riviera Beach, FLORIDA",39620
Heritage Creek Police Department,Municipality,KENTUCKY,#N/A,Task Force Model,"Apr 29, 2025","Heritage Creek, KENTUCKY",1241
Damascus Township Constable,Municipality,PENNSYLVANIA,#N/A,Task Force Model,"Apr 29, 2025","Damascus Township Constable, PENNSYLVANIA",null
Kenton County Sheriff's Office,County,KENTUCKY,Kenton County,Jail Enforcement Model,"May 2, 2025","County: Kenton County, KENTUCKY",174862
Kerr County Sheriff's Office,County,TEXAS,Kerr County,Warrant Service Officer,"May 2, 2025","County: Kerr County, TEXAS",53900
Kerr County Sheriff's Office,County,TEXAS,Kerr County,Jail Enforcement Model,"May 2, 2025","County: Kerr County, TEXAS",53900
Kenton County Sheriff's Office,County,KENTUCKY,Kenton County,Warrant Service Officer,"May 6, 2025","County: Kenton County, KENTUCKY",174862
Berrien County Sheriff's Office,County,MICHIGAN,Berrien County,Warrant Service Officer,"May 6, 2025","County: Berrien County, MICHIGAN",152703
Orange County Sheriff's Office,County,TEXAS,Orange County,Warrant Service Officer,"May 6, 2025","County: Orange County, TEXAS",86115
Polk County Sheriff's Office,County,TEXAS,Polk County,Warrant Service Officer,"May 6, 2025","County: Polk County, TEXAS",54258
Tift County Sheriff's Office,County,GEORGIA,Tift County,Warrant Service Officer,"May 7, 2025","Tifton, GEORGIA 31793",41708
Tift County Sheriff's Office,County,GEORGIA,Tift County,Jail Enforcement Model,"May 7, 2025","Tifton, GEORGIA 31793",41708
Calhoun County Sheriff's Office,County,MICHIGAN,Calhoun County,Warrant Service Officer,"May 7, 2025","County: Calhoun County, MICHIGAN",133785
Niagara County Sheriff's Office,County,NEW YORK,Niagara County,Warrant Service Officer,"May 7, 2025","County: Niagara County, NEW YORK",209570
Union County Sheriff's Office,County,NORTH CAROLINA,Union County,Warrant Service Officer,"May 7, 2025","County: Union County, NORTH CAROLINA",263386
Hill County Sheriff's Office,County,TEXAS,Hill County,Warrant Service Officer,"May 7, 2025","County: Hill County, TEXAS",38771
Colbert County Sheriff's Office,County,ALABAMA,Colbert County,Warrant Service Officer,"May 8, 2025","Tuscumbia, ALABAMA 35674",58785
Colbert County Sheriff's Office,County,ALABAMA,Colbert County,Jail Enforcement Model,"May 8, 2025","Tuscumbia, ALABAMA 35674",58785
Boynton Beach Police Department,Municipality,FLORIDA,#N/A,Task Force Model,"May 8, 2025","Boynton Beach, FLORIDA 33426",83095
Florida Gulf Coast University Police Department,Municipality,FLORIDA,#N/A,Task Force Model,"May 8, 2025","Fort Myers, FLORIDA 33965",null
Holly Hill Police Department,Municipality,FLORIDA,#N/A,Task Force Model,"May 8, 2025","Holly Hill, FLORIDA",13183
North Bay Village Police Department,Municipality,FLORIDA,#NA,Task Force Model,"May 8, 2025","North Bay Village, FLORIDA",8286
Northwest Florida State College Police Department,Municipality,FLORIDA,#NA,Task Force Model,"May 8, 2025","Northwest Florida State College, FLORIDA",null
Hardee County Sheriff's Office,County,FLORIDA,Hardee County,Task Force Model,"May 8, 2025","Wauchula, FLORIDA 33873",26068
Bracken County Sheriff's Office,County,KENTUCKY,Bracken County,Task Force Model,"May 8, 2025","County: Bracken County, KENTUCKY",8497
Lyon County Sheriff's Office,County,KENTUCKY,Lyon County,Task Force Model,"May 8, 2025","County: Lyon County, KENTUCKY",9078
Marshall County Sheriff's Office,County,KENTUCKY,Marshall County,Task Force Model,"May 8, 2025","County: Marshall County, KENTUCKY",31734
Wheeler County Sheriff's Office,County,NEBRASKA,Wheeler County,Task Force Model,"May 8, 2025","County: Wheeler County, NEBRASKA",808
Niagara County Sheriff's Office,County,NEW YORK,Niagara County,Task Force Model,"May 8, 2025","County: Niagara County, NEW YORK",209570
Eddy County Sheriff's Office,County,NORTH DAKOTA,Eddy County,Task Force Model,"May 8, 2025","County: Eddy County, NORTH DAKOTA",2309
Preston Township Constable's Office,Municipality,PENNSYLVANIA,#N/A,Task Force Model,"May 8, 2025","Preston Township Constable's Office, PENNSYLVANIA",null
Sewickley Township Constable's Office,Municipality,PENNSYLVANIA,#N/A,Task Force Model,"May 8, 2025","Sewickley Township Constable's Office, PENNSYLVANIA",3770
Berkeley County Sheriff's Office,County,SOUTH CAROLINA,Berkeley County,Warrant Service Officer,"May 8, 2025","County: Berkeley County, SOUTH CAROLINA",264276
Berkeley County Sheriff's Office,County,SOUTH CAROLINA,Berkeley County,Task Force Model,"May 8, 2025","County: Berkeley County, SOUTH CAROLINA",264276
Kerr County Sheriff's Office,County,TEXAS,Kerr County,Task Force Model,"May 8, 2025","County: Kerr County, TEXAS",53900
Atascosa County Sheriff's Office,County,TEXAS,Atascosa County,Task Force Model,"May 8, 2025","County: Atascosa County, TEXAS",52783
Grayson County Sheriff's Office,County,VIRGINIA,Grayson County,Task Force Model,"May 8, 2025","County: Grayson County, VIRGINIA",15265
Greene County Sheriff's Office,County,VIRGINIA,Greene County,Task Force Model,"May 8, 2025","County: Greene County, VIRGINIA",21744
Campbell County Sheriff's Office,County,VIRGINIA,Campbell County,Task Force Model,"May 8, 2025","County: Campbell County, VIRGINIA",55342
Southwest Virginia Regional Jail Authority,County,VIRGINIA,#N/A,Warrant Service Officer,"May 8, 2025","Abingdon, VA 24210",null
Wood County Sheriff's Office,County,WEST VIRGINIA,Wood County,Task Force Model,"May 8, 2025","County: Wood County, WEST VIRGINIA",82757
Outagamie County Sheriff's Office,County,WISCONSIN,Outagamie County,Warrant Service Officer,"May 8, 2025","County: Outagamie County, WISCONSIN",195390
Natrona County Sheriff's Office,County,WYOMING,Natrona County,Task Force Model,"May 8, 2025","Casper, WYOMING 82601",80410
Indialantic Police Department,Municipality,FLORIDA,#N/A,Task Force Model,"May 13, 2025","Indialantic, FLORIDA",3117
New Port Richey Police Department,Municipality,FLORIDA,#NA,Task Force Model,"May 13, 2025","New Port Richey, FLORIDA",18130
Ocoee Police Department,Municipality,FLORIDA,#NA,Task Force Model,"May 13, 2025","Ocoee, FLORIDA",51269
Sanford Airport Police Department,Municipality,FLORIDA,#NA,Task Force Model,"May 13, 2025","Sanford Airport, FLORIDA",null
Madison County Sheriff's Office,County,GEORGIA,Madison County,Warrant Service Officer,"May 13, 2025","Danielsville, GEORGIA 30633",32771
Glynn County Sheriff's Office,County,GEORGIA,Glynn County,Warrant Service Officer,"May 13, 2025","Brunswick, GEORGIA 31520",86540
Forsyth County Sheriff's Office,County,GEORGIA,Forsyth County,Warrant Service Officer,"May 13, 2025","Cumming, GEORGIA 30040",280096
Curry County Sheriff's Office,County,NEW MEXICO,Curry County,Warrant Service Officer,"May 13, 2025","County: Curry County, NEW MEXICO",47156
Carteret County Sheriff's Office,County,NORTH CAROLINA,Carteret County,Warrant Service Officer,"May 13, 2025","County: Carteret County, NORTH CAROLINA",70259
Vinita Police Department,Municipality,OKLAHOMA,#N/A,Task Force Model,"May 13, 2025","Vinita, OKLAHOMA",5395
Lincoln County Sheriff's Office,County,OKLAHOMA,Lincoln County,Warrant Service Officer,"May 13, 2025","County: Lincoln County, OKLAHOMA",34972
Tennessee Department of Safety and Homeland Security,State,TENNESSEE,#N/A,Task Force Model,"May 13, 2025",TENNESSEE,7227750
Hood County Sheriff's Office,County,TEXAS,Hood County,Warrant Service Officer,"May 13, 2025","County: Hood County, TEXAS",69126
Coke County Sheriff's Office,County,TEXAS,Coke County,Task Force Model,"May 13, 2025","County: Coke County, TEXAS",3396
Utah Department of Corrections,State,UTAH,#N/A,Warrant Service Officer,"May 13, 2025",UTAH,3503613
Appomattox County Sheriff's Office,County,VIRGINIA,Appomattox County,Task Force Model,"May 13, 2025","County: Appomattox County, VIRGINIA",16957
Mecklenburg County Sheriff's Office,County,VIRGINIA,Mecklenburg County,Task Force Model,"May 13, 2025","County: Mecklenburg County, VIRGINIA",30824
Waukesha County Sheriff's Office,County,WISCONSIN,Waukesha County,Warrant Service Officer,"May 13, 2025","Waukesha County, WISCONSIN",417029
Fort Myers Police Department,Municipality,FLORIDA,#N/A,Task Force Model,"May 16, 2025","Fort Myers, FLORIDA 33901",99918
Sarasota Police Department,Municipality,FLORIDA,#N/A,Task Force Model,"May 16, 2025","Sarasota, FLORIDA",57764
Euharlee Police Department,Municipality,GEORGIA,#N/A,Task Force Model,"May 16, 2025","Euharlee, GEORGIA",4139
Union County Sheriff's Office,County,KENTUCKY,Union County,Task Force Model,"May 16, 2025","County: Union County, KENTUCKY",13178
Beauregard Parish Sheriff's Office,County,LOUISIANA,Beauregard Parish,Task Force Model,"May 16, 2025","County: Beauregard Parish, LOUISIANA",36695
Lower Burrell Fourth Ward Constable,Municipality,PENNSYLVANIA,Westmoreland County,Task Force Model,"May 16, 2025","Lower Burrell Fourth Ward Constable, PENNSYLVANIA",11542
Pickens County Sheriff's Office,County,SOUTH CAROLINA,Pickens County,Task Force Model,"May 16, 2025","County: Pickens County, SOUTH CAROLINA",138207
Craig County Sheriff's Office,County,VIRGINIA,Craig County,Task Force Model,"May 16, 2025","County: Craig County, VIRGINIA",4829
Buckingham County Sheriff's Office,County,VIRGINIA,Buckingham County,Task Force Model,"May 16, 2025","County: Buckingham County, VIRGINIA",17115
Louisiana Alcohol and Tobacco Control,State,LOUISIANA,#N/A,Task Force Model,"May 20, 2025",LOUISIANA,4597740
Louisiana Department of Wildlife & Fisheries,State,LOUISIANA,#N/A,Task Force Model,"May 20, 2025",LOUISIANA,4597740
Louisiana Military Department,State,LOUISIANA,#N/A,Task Force Model,"May 20, 2025",LOUISIANA,4597740
Louisiana Office of the State Fire Marshal,State,LOUISIANA,#N/A,Task Force Model,"May 20, 2025",LOUISIANA,4597740
Louisiana State Police Department,State,LOUISIANA,#N/A,Task Force Model,"May 20, 2025",LOUISIANA,4597740
Franklin County Sheriff's Office,County,TEXAS,Franklin County,Jail Enforcement Model,"May 20, 2025","County: Franklin County, TEXAS",10912
Laramie County Sheriff’s Office,County,WYOMING,Laramie County,Jail Enforcement Model,"May 20, 2025","Cheyenne, WYOMING 82001",101783
Limestone County Sheriff's Office,County,ALABAMA,Limestone County,Warrant Service Officer,"May 22, 2025","Athens, ALABAMA 35611",118942
Jasper County Sheriff's Office,County,GEORGIA,Jasper County,Jail Enforcement Model,"May 22, 2025","Monticello, GEORGIA 31064",17219
Dawson County Sheriff's Office,County,GEORGIA,Dawson County,Warrant Service Officer,"May 22, 2025","Dawsonville, GEORGIA 30534",33748
Harris County Sheriff's Office,County,GEORGIA,Harris County,Warrant Service Officer,"May 22, 2025","Hamilton, GEORGIA 31811",36929
Catoosa County Sheriff's Office,County,GEORGIA,Catoosa County,Jail Enforcement Model,"May 22, 2025","Ringgold, GEORGIA 30736",68940
Catoosa County Sheriff's Office,County,GEORGIA,Catoosa County,Warrant Service Officer,"May 22, 2025","Ringgold, GEORGIA 30736",68940
Coweta County Sheriff's Office,County,GEORGIA,Coweta County,Warrant Service Officer,"May 22, 2025","Newnan, GEORGIA 30263",158233
Kandiyohi County Sheriff's Office,County,MINNESOTA,Kandiyohi County,Warrant Service Officer,"May 22, 2025","County: Kandiyohi County, MINNESOTA",44674
Hillsborough County Sheriff's Office,County,NEW HAMPSHIRE,Hillsborough County,Task Force Model,"May 22, 2025","County: Hillsborough County, NEW HAMPSHIRE",430462
Pickens County Sheriff's Office,County,SOUTH CAROLINA,Pickens County,Warrant Service Officer,"May 22, 2025","County: Pickens County, SOUTH CAROLINA",138207
South Dakota Highway Patrol,State,SOUTH DAKOTA,#N/A,Task Force Model,"May 22, 2025",SOUTH DAKOTA,924669
Sullivan County Sheriff's Office,County,TENNESSEE,Sullivan County,Warrant Service Officer,"May 22, 2025","County: Sullivan County, TENNESSEE",162703
Colorado County Sheriff's Office,County,TEXAS,Colorado County,Jail Enforcement Model,"May 22, 2025","County: Colorado County, TEXAS",21475
Bingham County Sheriff's Office,County,IDAHO,Bingham County,Warrant Service Officer,"May 28, 2025","County: Bingham County, IDAHO",50889
Wabaunsee County Sheriff's Office,County,KANSAS,Wabaunsee County,Warrant Service Officer,"May 28, 2025","County: Wabaunsee County, KANSAS",7112
Plaquemines Parish Sheriff's Office,County,LOUISIANA,Plaquemines Parish,Warrant Service Officer,"May 28, 2025","County: Plaquemines Parish, LOUISIANA",22289
Lake County Sheriff's Office,County,OHIO,Lake County,Task Force Model,"May 28, 2025","Lake County, OHIO",232360
Lake County Sheriff's Office,County,OHIO,Lake County,Warrant Service Officer,"May 28, 2025","Lake County, OHIO",232360
Fort Bend County Sheriff's Office,County,TEXAS,Fort Bend County,Warrant Service Officer,"May 28, 2025","County: Fort Bend County, TEXAS",958434
Fort Bend County Sheriff's Office,County,TEXAS,Fort Bend County,Jail Enforcement Model,"May 28, 2025","County: Fort Bend County, TEXAS",958434
Yuma County Sheriff's Office,County,ARIZONA,Yuma County,Warrant Service Officer,"Jun 3, 2025","Yuma, ARIZONA 85364",220310
Lyon County Sheriff's Office,County,NEVADA,Lyon County,Warrant Service Officer,"Jun 3, 2025","County: Lyon County, NEVADA",63718
Lyon County Sheriff's Office,County,NEVADA,Lyon County,Jail Enforcement Model,"Jun 3, 2025","County: Lyon County, NEVADA",63718
Macon County Sheriff's Office,County,TENNESSEE,Macon County,Warrant Service Officer,"Jun 3, 2025","County: Macon County, TENNESSEE",27189
Alleghany County Sheriff's Office,County,VIRGINIA,Alleghany County,Warrant Service Officer,"Jun 3, 2025","County: Alleghany County, VIRGINIA",14632
Palm Springs Police Department,Municipality,FLORIDA,#N/A,Task Force Model,"Jun 5, 2025","Palm Springs, FLORIDA",28548
Rockledge Police Department,Municipality,FLORIDA,#NA,Task Force Model,"Jun 5, 2025","Rockledge, FLORIDA",31429
Sanford Police Department,Municipality,FLORIDA,#NA,Task Force Model,"Jun 5, 2025","Sanford, FLORIDA",66919
Satellite Beach Police Department,Municipality,FLORIDA,Brevard County,Task Force Model,"Jun 5, 2025","Satellite Beach, FLORIDA",11367
Windermere Police Department,Municipality,FLORIDA,#NA,Task Force Model,"Jun 5, 2025","Windermere, FLORIDA",3223
Winter Springs Police Department,Municipality,FLORIDA,#NA,Task Force Model,"Jun 5, 2025","Winter Springs, FLORIDA",39822
Idaho State Police Department,State,IDAHO,#NA,Task Force Model,"Jun 5, 2025",IDAHO,2001619
Roscommon County Sheriff's Office,County,MICHIGAN,Roscommon County,Task Force Model,"Jun 5, 2025","County: Roscommon County, MICHIGAN",23932
West Virginia Division of Corrections and Rehabilitation,State,WEST VIRGINIA,#N/A,Warrant Service Officer,"Jun 5, 2025",WEST VIRGINIA,1769979
Limestone County Sheriff's Office,County,ALABAMA,Limestone County,Task Force Model,"Jun 11, 2025","Athens, ALABAMA 35611",118942
Franklin County Sheriff's Office,County,ALABAMA,Franklin County,Jail Enforcement Model,"Jun 11, 2025","Russellville, ALABAMA 35653",31874
North Palm Beach Police Department,Municipality,FLORIDA,#NA,Task Force Model,"Jun 11, 2025","North Palm Beach, FLORIDA",13423
Sarasota Manatee Airport Authority Police Department,Municipality,FLORIDA,#NA,Task Force Model,"Jun 11, 2025","Sarasota Manatee Airport Authority, FLORIDA",null
Office of Agricultural Law Enforcement,State,FLORIDA,#N/A,Task Force Model,"Jun 11, 2025",FLORIDA,23372215
Anderson County Sheriff's Office,County,KANSAS,Anderson County,Warrant Service Officer,"Jun 11, 2025","County: Anderson County, KANSAS",7908
Plaquemines Parish Sheriff's Office,County,LOUISIANA,Plaquemines Parish,Task Force Model,"Jun 11, 2025","County: Plaquemines Parish, LOUISIANA",22289
Lafourche Parish Sheriff's Office,County,LOUISIANA,Lafourche Parish,Warrant Service Officer,"Jun 11, 2025","County: Lafourche Parish, LOUISIANA",95342
Monroe County Sheriff's Office,County,MISSISSIPPI,Monroe County,Jail Enforcement Model,"Jun 11, 2025","County: Monroe County, MISSISSIPPI",33483
Catawba County Sheriff's Office,County,NORTH CAROLINA,Catawba County,Warrant Service Officer,"Jun 11, 2025","County: Catawba County, NORTH CAROLINA",167054
Juniata County Sheriff's Office,County,PENNSYLVANIA,Juniata County,Task Force Model,"Jun 11, 2025","County: Juniata County, PENNSYLVANIA",23395
Duncan Police Department,Municipality,SOUTH CAROLINA,#N/A,Task Force Model,"Jun 11, 2025","Duncan, SOUTH CAROLINA",4594
South Dakota Division of Criminal Investigation,State,SOUTH DAKOTA,#N/A,Task Force Model,"Jun 11, 2025",SOUTH DAKOTA,924669
Milam County Sheriff's Office,County,TEXAS,Milam County,Warrant Service Officer,"Jun 11, 2025","County: Milam County, TEXAS",26159
Rains County Sheriff's Office,County,TEXAS,Rains County,Warrant Service Officer,"Jun 11, 2025","County: Rains County, TEXAS",13306
Brooks County Sheriff's Office,County,TEXAS,Brooks County,Jail Enforcement Model,"Jun 11, 2025","County: Brooks County, TEXAS",6740
Buchanan County Sheriff's Office,County,VIRGINIA,Buchanan County,Task Force Model,"Jun 11, 2025","County: Buchanan County, VIRGINIA",18632
Scott County Sheriff's Office,County,VIRGINIA,Scott County,Task Force Model,"Jun 11, 2025","County: Scott County, VIRGINIA",21388
Washington County Sheriff's Office,County,VIRGINIA,Washington County,Task Force Model,"Jun 11, 2025","County: Washington County, VIRGINIA",54098
Pittsylvania County Sheriff's Office,County,VIRGINIA,Pittsylvania County,Jail Enforcement Model,"Jun 11, 2025","County: Pittsylvania County, VIRGINIA",59410
West Virginia National Guard,State,WEST VIRGINIA,#N/A,Task Force Model,"Jun 11, 2025",WEST VIRGINIA,1769979
Kewaunee County Sheriff's Office,County,WISCONSIN,Kewaunee County,Warrant Service Officer,"Jun 11, 2025","County: Kewaunee County, WISCONSIN",20751
Carbon County Sheriff's Office,County,WYOMING,Carbon County,Warrant Service Officer,"Jun 11, 2025","Rawlins, WYOMING 82301",14250
Laramie County Sheriff’s Office,County,WYOMING,Laramie County,Task Force Model,"Jun 11, 2025","Cheyenne, WYOMING 82001",101783
Marion County Sheriff's Office,County,ALABAMA,Marion County,Task Force Model,"Jun 12, 2025","Hamilton, ALABAMA 35570",29323
Lauderdale County Sheriff's Office,County,ALABAMA,Lauderdale County,Jail Enforcement Model,"Jun 12, 2025","Florence, ALABAMA 35630",97502
Lauderdale County Sheriff's Office,County,ALABAMA,Lauderdale County,Warrant Service Officer,"Jun 12, 2025","Florence, ALABAMA 35630",97502
Saline County Sheriff's Office,County,ARKANSAS,Saline County,Warrant Service Officer,"Jun 12, 2025","Benton, ARKANSAS 72015",131252
Haskell County Sheriff's Office,County,KANSAS,Haskell County,Warrant Service Officer,"Jun 12, 2025","County: Haskell County, KANSAS",3591
Montour County Sheriff's Office,County,PENNSYLVANIA,Montour County,Task Force Model,"Jun 12, 2025","County: Montour County, PENNSYLVANIA",18115
Butler County Sheriff's Office,County,PENNSYLVANIA,Butler County,Task Force Model,"Jun 12, 2025","County: Butler County, PENNSYLVANIA",199341
Union County Sheriff's Office,County,SOUTH CAROLINA,Union County,Task Force Model,"Jun 12, 2025","County: Union County, SOUTH CAROLINA",26678
Union County Sheriff's Office,County,SOUTH CAROLINA,Union County,Warrant Service Officer,"Jun 12, 2025","County: Union County, SOUTH CAROLINA",26678
Chester County Sheriff's Office,County,SOUTH CAROLINA,Chester County,Task Force Model,"Jun 12, 2025","County: Chester County, SOUTH CAROLINA",32323
Dorchester County Sheriff's Office,County,SOUTH CAROLINA,Dorchester County,Warrant Service Officer,"Jun 12, 2025","County: Dorchester County, SOUTH CAROLINA",174663
Anderson County Sheriff's Office,County,SOUTH CAROLINA,Anderson County,Warrant Service Officer,"Jun 12, 2025","County: Anderson County, SOUTH CAROLINA",217183
Morgan County Sheriff's Office,County,TENNESSEE,Morgan County,Jail Enforcement Model,"Jun 12, 2025","County: Morgan County, TENNESSEE",21954
Madison County Sheriff's Office,County,TEXAS,Madison County,Warrant Service Officer,"Jun 12, 2025","Madison County, TEXAS",13877
Newton County Sheriff's Office,County,TEXAS,Newton County,Warrant Service Officer,"Jun 12, 2025","County: Newton County, TEXAS",11908
Brooks County Sheriff's Office,County,TEXAS,Brooks County,Task Force Model,"Jun 12, 2025","County: Brooks County, TEXAS",6740
Richmond County Sheriff's Office,County,VIRGINIA,Richmond County,Task Force Model,"Jun 12, 2025","County: Richmond County, VIRGINIA",9215
Laramie County Sheriff’s Office,County,WYOMING,Laramie County,Warrant Service Officer,"Jun 12, 2025","Cheyenne, WYOMING 82001",101783
Coconut Creek Police Department,Municipality,FLORIDA,#N/A,Task Force Model,"Jun 13, 2025","Coconut Creek, FLORIDA 33063",59721
Lake Wales Police Department,Municipality,FLORIDA,#N/A,Task Force Model,"Jun 13, 2025","Lake Wales, FLORIDA",17798
Mercer County Sheriff's Office,County,NORTH DAKOTA,Mercer County,Task Force Model,"Jun 13, 2025","County: Mercer County, NORTH DAKOTA",8348
Ramsey County Sheriff's Office,County,NORTH DAKOTA,Ramsey County,Task Force Model,"Jun 13, 2025","County: Ramsey County, NORTH DAKOTA",11510
Coward Police Department,Municipality,SOUTH CAROLINA,#N/A,Task Force Model,"Jun 13, 2025","Coward, SOUTH CAROLINA",715
Southside Place Police Department,Municipality,TEXAS,Harris County,Task Force Model,"Jun 13, 2025","Houston, TX 77005",1908
Splendora Police Department,Municipality,TEXAS,#N/A,Task Force Model,"Jun 13, 2025","Splendora, TEXAS",2063
Pittsylvania County Sheriff's Office,County,VIRGINIA,Pittsylvania County,Task Force Model,"Jun 13, 2025","County: Pittsylvania County, VIRGINIA",59410
Las Vegas Metropolitan Police Department,Municipality,NEVADA,#NA,Warrant Service Officer,"Jun 16, 2025","Las Vegas Metropolitan, NEVADA",678922
Holly Hill Police Department,Municipality,SOUTH CAROLINA,#N/A,Task Force Model,"Jun 16, 2025","Holly Hill, SOUTH CAROLINA",1259
Tennessee Department of Corrections,State,TENNESSEE,#N/A,Jail Enforcement Model,"Jun 16, 2025",TENNESSEE,7227750
Franklin County Sheriff's Office,County,KANSAS,Franklin County,Warrant Service Officer,"Jun 17, 2025","County: Franklin County, KANSAS",26273
Bowman County Sheriff's Office,County,NORTH DAKOTA,Bowman County,Warrant Service Officer,"Jun 17, 2025","County: Bowman County, NORTH DAKOTA",2886
Fayette County Sheriff's Office,County,OHIO,Fayette County,Warrant Service Officer,"Jun 17, 2025","County: Fayette County, OHIO",28782
Grainger County Sheriff's Office,County,TENNESSEE,Grainger County,Warrant Service Officer,"Jun 17, 2025","County: Grainger County, TENNESSEE",25073
Lamb County Sheriff's Office,County,TEXAS,Lamb County,Warrant Service Officer,"Jun 17, 2025","County: Lamb County, TEXAS",12687
Level Plains Police Department,Municipality,ALABAMA,#N/A,Task Force Model,"Jun 18, 2025","Level Plains, ALABAMA 36322",1839
Lawrence County Sheriff's Office,County,ALABAMA,Lawrence County,Task Force Model,"Jun 18, 2025","Moulton, ALABAMA 35650",33567
Eatonville Police Department,Municipality,FLORIDA,#N/A,Task Force Model,"Jun 18, 2025","Eatonville, FLORIDA 32751",2356
Hollywood Police Department,Municipality,FLORIDA,#N/A,Task Force Model,"Jun 18, 2025","Hollywood, FLORIDA",159073
Lake Mary Police Department,Municipality,FLORIDA,#N/A,Task Force Model,"Jun 18, 2025","Lake Mary, FLORIDA",16989
Pensacola Police Department,Municipality,FLORIDA,#NA,Task Force Model,"Jun 18, 2025","Pensacola, FLORIDA",53898
Mille Lacs County Sheriff's Office,County,MINNESOTA,Mille Lacs County,Task Force Model,"Jun 18, 2025","County: Mille Lacs County, MINNESOTA",27577
Manheim Borough Police Department,Municipality,PENNSYLVANIA,#N/A,Task Force Model,"Jun 18, 2025","Manheim Borough, PENNSYLVANIA",5011
Washington County Sheriff's Office,County,PENNSYLVANIA,Washington County,Task Force Model,"Jun 18, 2025","County: Washington County, PENNSYLVANIA",210434
Angelina County Sheriff's Office,County,TEXAS,Angelina County,Warrant Service Officer,"Jun 18, 2025","County: Angelina County, TEXAS",88094
Anderson County Sheriff's Office,County,TEXAS,Anderson County,Warrant Service Officer,"Jun 18, 2025","County: Anderson County, TEXAS",59512
Lake Alfred Police Department,Municipality,FLORIDA,#N/A,Task Force Model,"Jun 24, 2025","Lake Alfred, FLORIDA",8632
Titusville Police Department,Municipality,FLORIDA,#N/A,Task Force Model,"Jun 24, 2025","Titusville, FLORIDA",49883
Putnam County Sheriff's Office,County,TENNESSEE,Putnam County,Task Force Model,"Jun 24, 2025","County: Putnam County, TENNESSEE",84894
Cherokee County Sheriff's Office,County,ALABAMA,Cherokee County,Warrant Service Officer,"Jun 25, 2025","Centre, ALABAMA 35960",26138
Jasper County Sheriff's Office,County,GEORGIA,Jasper County,Warrant Service Officer,"Jun 25, 2025","Monticello, GEORGIA 31064",17219
Jewell County Sheriff's Office,County,KANSAS,Jewell County,Warrant Service Officer,"Jun 25, 2025","County: Jewell County, KANSAS",2899
McCormick County Sheriff's Office,County,SOUTH CAROLINA,McCormick County,Warrant Service Officer,"Jun 25, 2025","County: McCormick County, SOUTH CAROLINA",9983
Newberry County Sheriff's Office,County,SOUTH CAROLINA,Newberry County,Warrant Service Officer,"Jun 25, 2025","County: Newberry County, SOUTH CAROLINA",39203
Cumberland County Sheriff's Office,County,TENNESSEE,Cumberland County,Warrant Service Officer,"Jun 25, 2025","County: Cumberland County, TENNESSEE",65618
Scurry County Sheriff's Office,County,TEXAS,Scurry County,Warrant Service Officer,"Jun 25, 2025","County: Scurry County, TEXAS",16211
Yoakum County Sheriff's Office,County,TEXAS,Yoakum County,Warrant Service Officer,"Jun 25, 2025","County: Yoakum County, TEXAS",7581
Hardeman County Sheriff's Office,County,TEXAS,Hardeman County,Warrant Service Officer,"Jun 25, 2025","County: Hardeman County, TEXAS",3417
Dickens County Sheriff's Office,County,TEXAS,Dickens County,Warrant Service Officer,"Jun 25, 2025","County: Dickens County, TEXAS",1725
Tooele County Sheriff's Office,County,UTAH,Tooele County,Warrant Service Officer,"Jun 25, 2025","County: Tooele County, UTAH",84488
Lawrence County Sheriff's Office,County,ALABAMA,Lawrence County,Warrant Service Officer,"Jun 30, 2025","Moulton, ALABAMA 35650",33567
Hampton Police Department,Municipality,ARKANSAS,#NA,Task Force Model,"Jun 30, 2025","Hampton, ARKANSAS 71744",1157
Harrison County Sheriff's Office,County,MISSISSIPPI,Harrison County,Jail Enforcement Model,"Jun 30, 2025","County: Harrison County, MISSISSIPPI",213730
Jefferson County Sheriff's Office,County,TEXAS,Jefferson County,Warrant Service Officer,"Jun 30, 2025","County: Jefferson County, TEXAS",253948
Jefferson County Sheriff's Office,County,TEXAS,Jefferson County,Task Force Model,"Jun 30, 2025","County: Jefferson County, TEXAS",253948
Childress County Sheriff's Office,County,TEXAS,Childress County,Warrant Service Officer,"Jun 30, 2025","County: Childress County, TEXAS",6679
Knox County Sheriff's Office,County,TEXAS,Knox County,Warrant Service Officer,"Jun 30, 2025","County: Knox County, TEXAS",3255
Hopewell County Sheriff's Office,County,VIRGINIA,Hopewell County,Task Force Model,"Jun 30, 2025","County: Hopewell County, VIRGINIA",22970
Colbert County Sheriff's Office,County,ALABAMA,Colbert County,Task Force Model,"Jul 2, 2025","Tuscumbia, ALABAMA 35674",58785
Alachua Police Department,Municipality,FLORIDA,Alachua County,Task Force Model,"Jul 2, 2025","Alachua, FLORIDA 32615",10856
Apopka Police Department,Municipality,FLORIDA,#N/A,Task Force Model,"Jul 2, 2025","Apopka, FLORIDA 32703",62777
Atlantic Beach Police Department,Municipality,FLORIDA,#N/A,Task Force Model,"Jul 2, 2025","Atlantic Beach, FLORIDA 32233",13279
Atlantis Police Department,Municipality,FLORIDA,#N/A,Task Force Model,"Jul 2, 2025","Atlantis, FLORIDA 33462",2160
Cape Coral Police Department,Municipality,FLORIDA,#N/A,Task Force Model,"Jul 2, 2025","Cape Coral, FLORIDA 33990",233025
Casselberry Police Department,Municipality,FLORIDA,#N/A,Task Force Model,"Jul 2, 2025","Casselberry, FLORIDA 32707",31650
Cocoa Police Department,Municipality,FLORIDA,#N/A,Task Force Model,"Jul 2, 2025","Cocoa, FLORIDA 32922",19909
Edgewater Police Department,Municipality,FLORIDA,#N/A,Task Force Model,"Jul 2, 2025","Edgewater, FLORIDA 32132",24334
Florida International University Police Department,Municipality,FLORIDA,#N/A,Task Force Model,"Jul 2, 2025","Miami, FLORIDA 33199",null
Haines City Police Department,Municipality,FLORIDA,#N/A,Task Force Model,"Jul 2, 2025","Haines City, FLORIDA 33844",42073
Hialeah Police Department,Municipality,FLORIDA,#N/A,Task Force Model,"Jul 2, 2025","Hialeah, FLORIDA 33013",235388
Neptune Beach Police Department,Municipality,FLORIDA,#NA,Task Force Model,"Jul 2, 2025","Neptune Beach, FLORIDA",7032
Winter Haven Police Department,Municipality,FLORIDA,#NA,Task Force Model,"Jul 2, 2025","Winter Haven, FLORIDA",59975
Lee County Port Authority Police,County,FLORIDA,Lee County,Task Force Model,"Jul 2, 2025","Fort Myers, FLORIDA 33902",860959
Shawnee County Sheriff's Office,County,KANSAS,Shawnee County,Task Force Model,"Jul 2, 2025","County: Shawnee County, KANSAS",177942
Scott County Sheriff's Office,County,KENTUCKY,Scott County,Task Force Model,"Jul 2, 2025","County: Scott County, KENTUCKY",61700
Ouachita Parish Sheriff's Office,County,LOUISIANA,Ouachita Parish,Warrant Service Officer,"Jul 2, 2025","County: Ouachita Parish, LOUISIANA",157874
Harrison County Sheriff's Office,County,MISSISSIPPI,Harrison County,Warrant Service Officer,"Jul 2, 2025","County: Harrison County, MISSISSIPPI",213730
Carroll Police Department,Municipality,NEW HAMPSHIRE,#N/A,Task Force Model,"Jul 2, 2025","Carroll, NEW HAMPSHIRE",null
Camden Police Department,Municipality,NEW YORK,#N/A,Task Force Model,"Jul 2, 2025","Camden, NEW YORK",2149
Madison County Sheriff's Office,County,NEW YORK,Madison County,Warrant Service Officer,"Jul 2, 2025","Madison County, NEW YORK",67072
New Sewickley Township Police Department,Municipality,PENNSYLVANIA,#N/A,Task Force Model,"Jul 2, 2025","New Sewickley Township, PENNSYLVANIA",null
Georgetown County Sheriff's Office,County,SOUTH CAROLINA,Georgetown County,Warrant Service Officer,"Jul 2, 2025","County: Georgetown County, SOUTH CAROLINA",66035
Dyer County Sheriff's Office,County,TENNESSEE,Dyer County,Warrant Service Officer,"Jul 2, 2025","County: Dyer County, TENNESSEE",36403
Coffee County Sheriff's Office,County,TENNESSEE,Coffee County,Warrant Service Officer,"Jul 2, 2025","County: Coffee County, TENNESSEE",61285
Madison County Sheriff's Office,County,TENNESSEE,Madison County,Warrant Service Officer,"Jul 2, 2025","Madison County, TENNESSEE",100409
Lynn County Sheriff's Office,County,TEXAS,Lynn County,Warrant Service Officer,"Jul 2, 2025","County: Lynn County, TEXAS",5952
Terrell County Sheriff's Office,County,TEXAS,Terrell County,Task Force Model,"Jul 2, 2025","County: Terrell County, TEXAS",718
Tooele County Sheriff's Office,County,UTAH,Tooele County,Task Force Model,"Jul 2, 2025","County: Tooele County, UTAH",84488
Weber County Sheriff's Office,County,UTAH,Weber County,Task Force Model,"Jul 2, 2025","County: Weber County, UTAH",276118
Little River County Sheriff's Office,County,ARKANSAS,Little River County,Warrant Service Officer,"Jul 7, 2025","Ashdown, ARKANSAS 71822",11626
Little River County Sheriff's Office,County,ARKANSAS,Little River County,Jail Enforcement Model,"Jul 7, 2025","Ashdown, ARKANSAS 71822",11626
Arkansas State Police Department,State,ARKANSAS,#NA,Task Force Model,"Jul 7, 2025",ARKANSAS,3088354
Indian Creek Village Department of Public Safety,Municipality,FLORIDA,#N/A,Task Force Model,"Jul 7, 2025","Indian Creek Village Department of Public Safety, FLORIDA",89
Quincy Police Department,Municipality,FLORIDA,#NA,Task Force Model,"Jul 7, 2025","Quincy, FLORIDA",8119
Sebring Police Department,Municipality,FLORIDA,#N/A,Task Force Model,"Jul 7, 2025","Sebring, FLORIDA",11795
University of North Florida Police Department,Municipality,FLORIDA,#N/A,Task Force Model,"Jul 7, 2025","University of North Florida, FLORIDA",null
West Palm Beach Police Department,Municipality,FLORIDA,#NA,Task Force Model,"Jul 7, 2025","West Palm Beach, FLORIDA",127744
Monroe Police Department,Municipality,GEORGIA,#NA,Task Force Model,"Jul 7, 2025","Monroe, GEORGIA",16270
Rush County Sheriff's Office,County,KANSAS,Rush County,Warrant Service Officer,"Jul 7, 2025","County: Rush County, KANSAS",2810
Ellis County Sheriff's Office,County,KANSAS,Ellis County,Warrant Service Officer,"Jul 7, 2025","County: Ellis County, KANSAS",29007
Stone County Sheriff's Office,County,MISSISSIPPI,Stone County,Task Force Model,"Jul 7, 2025","County: Stone County, MISSISSIPPI",19569
Stone County Sheriff's Office,County,MISSISSIPPI,Stone County,Warrant Service Officer,"Jul 7, 2025","County: Stone County, MISSISSIPPI",19569
Stone County Sheriff's Office,County,MISSISSIPPI,Stone County,Jail Enforcement Model,"Jul 7, 2025","County: Stone County, MISSISSIPPI",19569
Christian County Sheriff's Office,County,MISSOURI,Christian County,Task Force Model,"Jul 7, 2025","Ozark, MO 65721",96045
Luzerne County District Attorney's Office,County,PENNSYLVANIA,Luzerne County,Task Force Model,"Jul 7, 2025","County: Luzerne County, PENNSYLVANIA",331379
Grundy County Sheriff's Office,County,TENNESSEE,Grundy County,Warrant Service Officer,"Jul 7, 2025","Grundy County, TENNESSEE",14148
Franklin County Sheriff's Office,County,TENNESSEE,Franklin County,Jail Enforcement Model,"Jul 7, 2025","County: Franklin County, TENNESSEE",45137
Robertson County Sheriff's Office,County,TENNESSEE,Robertson County,Warrant Service Officer,"Jul 7, 2025","County: Robertson County, TENNESSEE",78459
Rockwall County Sheriff's Office,County,TEXAS,Rockwall County,Task Force Model,"Jul 7, 2025","County: Rockwall County, TEXAS",137044
Victoria County Sheriff’s Office,County,TEXAS,Victoria County,Task Force Model,"Jul 7, 2025","County: Victoria County, TEXAS",91949
Terry County Sheriff's Office,County,TEXAS,Terry County,Warrant Service Officer,"Jul 7, 2025","County: Terry County, TEXAS",11602
Garza County Sheriff's Office,County,TEXAS,Garza County,Warrant Service Officer,"Jul 7, 2025","County: Garza County, TEXAS",4645
Rockwall County Sheriff's Office,County,TEXAS,Rockwall County,Warrant Service Officer,"Jul 8, 2025","County: Rockwall County, TEXAS",137044
Texarkana Police Department,Municipality,ARKANSAS,Bowie County,Task Force Model,"Jul 11, 2025","Texarkana, ARKANSAS 71854",28897
Lafayette County Sheriff's Office,County,ARKANSAS,Lafayette County,Warrant Service Officer,"Jul 11, 2025","Lewisville, ARKANSAS 71845",6015
Miller County Sheriff's Office,County,ARKANSAS,Miller County,Task Force Model,"Jul 11, 2025","Texarkana, ARKANSAS 71854",41958
Bonneville County Sheriff's Office,County,IDAHO,Bonneville County,Warrant Service Officer,"Jul 11, 2025","County: Bonneville County, IDAHO",133644
Arnaudville Police Department,Municipality,LOUISIANA,Saint Landry County,Task Force Model,"Jul 11, 2025","Arnaudville, LOUISIANA",999
Beaver County Sheriff's Office,County,UTAH,Beaver County,Warrant Service Officer,"Jul 11, 2025","County: Beaver County, UTAH",7424
Baxter County Sheriff's Office,County,ARKANSAS,Baxter County,Warrant Service Officer,"Jul 15, 2025","Mountain Home, ARKANSAS 72653",43007
Baxter County Sheriff's Office,County,ARKANSAS,Baxter County,Task Force Model,"Jul 15, 2025","Mountain Home, ARKANSAS 72653",43007
Bunnell Police Department,Municipality,FLORIDA,Flager County,Task Force Model,"Jul 15, 2025","Bunnell, FLORIDA 32110",4120
Palm Bay Police Department,Municipality,FLORIDA,Brevard County,Task Force Model,"Jul 15, 2025","Palm Bay, FLORIDA",142023
Greenwood Police Department,Municipality,LOUISIANA,#NA,Task Force Model,"Jul 15, 2025","Greenwood, LOUISIANA",3091
Constable Unity Township,Municipality,PENNSYLVANIA,Westmoreland County,Task Force Model,"Jul 15, 2025","Constable Unity Township, PENNSYLVANIA",null
East Donegal Township Constables Office,Municipality,PENNSYLVANIA,#N/A,Task Force Model,"Jul 15, 2025","East Donegal Township Constables Office, PENNSYLVANIA",null
Greene Township Constable's Office,Municipality,PENNSYLVANIA,Erie County,Task Force Model,"Jul 15, 2025","Greene Township Constable's Office, PENNSYLVANIA",null
Georgetown County Sheriff's Office,County,SOUTH CAROLINA,Georgetown County,Task Force Model,"Jul 15, 2025","County: Georgetown County, SOUTH CAROLINA",66035
Haywood County Sheriff's Office,County,TENNESSEE,Haywood County,Warrant Service Officer,"Jul 15, 2025","County: Haywood County, TENNESSEE",17097
Caldwell County Sheriff's Office,County,TEXAS,Caldwell County,Task Force Model,"Jul 15, 2025","County: Caldwell County, TEXAS",52430
Lampasas County Sheriff's Office,County,TEXAS,Lampasas County,Warrant Service Officer,"Jul 15, 2025","County: Lampasas County, TEXAS",23539
Johnson County Sheriff's Office,County,ARKANSAS,Johnson County,Warrant Service Officer,"Jul 18, 2025","Clarksville, ARKANSAS 72830",26172
Sebastian County Sheriff's Office,County,ARKANSAS,Sebastian County,Warrant Service Officer,"Jul 18, 2025","Fort Smith, ARKANSAS 72901",130035
St. Johns County Sheriff's Office,County,FLORIDA,St. Johns County,Jail Enforcement Model,"Jul 18, 2025","St. Augustine, FLORIDA 32084",334928
Coolspring Township Constable's Office,Municipality,PENNSYLVANIA,Mercer County,Task Force Model,"Jul 18, 2025","Coolspring Township Constable's Office, PENNSYLVANIA",null
McMinn County Sheriff's Office,County,TENNESSEE,McMinn County,Warrant Service Officer,"Jul 18, 2025","County: McMinn County, TENNESSEE",56754
Marion County Sheriff's Office,County,ALABAMA,Marion County,Jail Enforcement Model,"Jul 23, 2025","Hamilton, ALABAMA 35570",29323
Marion County Sheriff's Office,County,ALABAMA,Marion County,Warrant Service Officer,"Jul 23, 2025","Hamilton, ALABAMA 35570",29323
Mobile County Sheriff's Office,County,ALABAMA,Mobile County,Task Force Model,"Jul 23, 2025","Mobile, ALABAMA 36602",412339
Flagler Beach Police Department,Municipality,FLORIDA,Flagler County,Task Force Model,"Jul 23, 2025","Flagler Beach, FLORIDA 32136",5568
Largo Police Department,Municipality,FLORIDA,Pinellas County,Task Force Model,"Jul 23, 2025","Largo, FLORIDA",82337
Perry Police Department,Municipality,FLORIDA,#NA,Task Force Model,"Jul 23, 2025","Perry, FLORIDA",7306
Steuben County Sheriff's Office,County,NEW YORK,Steuben County,Task Force Model,"Jul 23, 2025","County: Steuben County, NEW YORK",92015
Texas County Sheriff's Office,County,OKLAHOMA,Texas County,Warrant Service Officer,"Jul 23, 2025","County: Texas County, OKLAHOMA",20577
Galveston County Sheriff's Office,County,TEXAS,Galveston County,Task Force Model,"Jul 23, 2025","County: Galveston County, TEXAS",367407
Callahan County Sheriff's Office,County,TEXAS,Callahan County,Task Force Model,"Jul 23, 2025","County: Callahan County, TEXAS",14615
Callahan County Sheriff's Office,County,TEXAS,Callahan County,Warrant Service Officer,"Jul 23, 2025","County: Callahan County, TEXAS",14615
Hartley County Sheriff's Office,County,TEXAS,Hartley County,Task Force Model,"Jul 23, 2025","County: Hartley County, TEXAS",4996
Sterling County Sheriff's Office,County,TEXAS,Sterling County,Task Force Model,"Jul 23, 2025","County: Sterling County, TEXAS",1387
Wise County Sheriff's Office,County,VIRGINIA,Wise County,Task Force Model,"Jul 23, 2025","County: Wise County, VIRGINIA",34973
West Virginia State Police Department,State,WEST VIRGINIA,#NA,Task Force Model,"Jul 23, 2025",WEST VIRGINIA,1769979
"Florida Department of Financial Services, Criminal Investigation Division",State,FLORIDA,#NA,Task Force Model,"Jul 24, 2025",FLORIDA,23372215
Clewiston Police Department,Municipality,FLORIDA,Hendry County,Task Force Model,"Jul 24, 2025","Clewiston, FLORIDA 33440",7496
Florida Atlantic Police Department,Municipality,FLORIDA,Broward County,Task Force Model,"Jul 24, 2025","Boca Raton, FLORIDA 33431",null
Howey in the Hills Police Department,Municipality,FLORIDA,null,Task Force Model,"Jul 24, 2025","Howey in the Hills, FLORIDA",1693
Orange Park Police Department,Municipality,FLORIDA,Clay County,Task Force Model,"Jul 24, 2025","Orange Park, FLORIDA",8993
Santa Fe College Police Department,Municipality,FLORIDA,#NA,Task Force Model,"Jul 24, 2025","Santa Fe College, FLORIDA",null
University of Central Florida Police Department,Municipality,FLORIDA,#NA,Task Force Model,"Jul 24, 2025","University of Central Florida, FLORIDA",null
St. Charles Parish Sheriff's Office,County,LOUISIANA,St. Charles Parish,Warrant Service Officer,"Jul 24, 2025","German Coast County, LOUISIANA",50400
Louisiana Department of Public Safety & Corrections,State,LOUISIANA,#NA,Warrant Service Officer,"Jul 24, 2025",LOUISIANA,4597740
Louisiana Department of Public Safety & Corrections,State,LOUISIANA,#NA,Jail Enforcement Model,"Jul 24, 2025",LOUISIANA,4597740
Fannett Township Constables Office,Municipality,PENNSYLVANIA,Franklin County,Task Force Model,"Jul 24, 2025","Fannett Township Constables Office, PENNSYLVANIA",null
Cooke County Sheriff's Office,County,TEXAS,Cooke County,Warrant Service Officer,"Jul 24, 2025","Cooke County, TEXAS",44258
Ochiltree County Sheriff's Office,County,TEXAS,Ochiltree County,Warrant Service Officer,"Jul 24, 2025","County: Ochiltree County, TEXAS",9717
Jack County Sheriff's Office,County,TEXAS,Jack County,Warrant Service Officer,"Jul 24, 2025","County: Jack County, TEXAS",9398
Shackelford County Sheriff's Office,County,TEXAS,Shackelford County,Warrant Service Officer,"Jul 24, 2025","County: Shackelford County, TEXAS",3169
Hemphill County Sheriff's Office,County,TEXAS,Hemphill County,Warrant Service Officer,"Jul 24, 2025","County: Hemphill County, TEXAS",3134
Kane County Sheriff's Office,County,UTAH,Kane County,Warrant Service Officer,"Jul 24, 2025","Kane County, UTAH",8525
Utah County Sheriff's Office,County,UTAH,Utah County,Task Force Model,"Jul 24, 2025","Utah County, UTAH",747234
Utah County Sheriff's Office,County,UTAH,Utah County,Warrant Service Officer,"Jul 24, 2025","Utah County, UTAH",747234
Wyoming State Highway Patrol,State,WYOMING,#NA,Task Force Model,"Jul 24, 2025",WYOMING,587618
Crawford County Sheriff's Office,County,ARKANSAS,Crawford County,Warrant Service Officer,"Jul 25, 2025","Van Buren, ARKANSAS 72956",62258
South Dakota Department of Corrections,State,SOUTH DAKOTA,#NA,Jail Enforcement Model,"Jul 25, 2025",SOUTH DAKOTA,924669
Washington County Sheriff's Office,County,ARKANSAS,Washington County,Warrant Service Officer,"Jul 29, 2025","Fayetteville, ARKANSAS 72701",266184
Pulaski County Sheriff's Office,County,MISSOURI,Pulaski County,Task Force Model,"Jul 29, 2025","Pulaski County, MISSOURI",53964
Pulaski County Sheriff's Office,County,MISSOURI,Pulaski County,Warrant Service Officer,"Jul 29, 2025","Pulaski County, MISSOURI",53964
Steuben County Sheriff's Office,County,NEW YORK,Steuben County,Warrant Service Officer,"Jul 29, 2025","Steuben County, NEW YORK",92015
Denton County Sheriff's Office,County,TEXAS,Denton County,Jail Enforcement Model,"Jul 29, 2025","Denton County, TEXAS",1045120
Amherst County Sheriff's Office,County,VIRGINIA,Amherst County,Task Force Model,"Jul 29, 2025","Amherst County, VIRGINIA",31650
Lauderdale County Sheriff's Office,County,MISSISSIPPI,Lauderdale County,Warrant Service Officer,"Jul 31, 2025","County: Lauderdale County, MISSISSIPPI",70588
Cambria County Prison,County,PENNSYLVANIA,Cambria County,Warrant Service Officer,"Jul 31, 2025","County: Cambria County, PENNSYLVANIA",130108
Beaufort County Sheriff's Office,County,SOUTH CAROLINA,Beaufort County,Task Force Model,"Jul 31, 2025","County: Beaufort County, SOUTH CAROLINA",201775
Scranton Police Department,Municipality,SOUTH CAROLINA,#NA,Task Force Model,"Jul 31, 2025","Scranton, SOUTH CAROLINA",656
Gaines County Sheriff's Office,County,TEXAS,Gaines County,Warrant Service Officer,"Jul 31, 2025","County: Gaines County, TEXAS",22892
Dallam County Sheriff's Office,County,TEXAS,Dallam County,Warrant Service Officer,"Jul 31, 2025","Dallam County, TEXAS",7526
Bailey County Sheriff's Office,County,TEXAS,Bailey County,Warrant Service Officer,"Jul 31, 2025","Bailey County, TEXAS",7031
Calumet County Sheriff's Office,County,WISCONSIN,Calumet County,Warrant Service Officer,"Jul 31, 2025","County: Calumet County, WISCONSIN",53602
Fort Walton Beach Police Department,Municipality,FLORIDA,Okaloosa County,Task Force Model,"Aug 4, 2025","Fort Walton Beach, FLORIDA 32548",21188
Indiana Department of Corrections,State,INDIANA,#NA,Warrant Service Officer,"Aug 4, 2025",INDIANA,6924275
Indiana Department of Homeland Security,State,INDIANA,#NA,Task Force Model,"Aug 4, 2025",INDIANA,6924275
Indiana State Police Department,State,INDIANA,#NA,Task Force Model,"Aug 4, 2025",INDIANA,6924275
North Salem Police Department,Municipality,INDIANA,#NA,Task Force Model,"Aug 4, 2025","North Salem, INDIANA",474
West York Borough Police Department,Municipality,PENNSYLVANIA,#NA,Task Force Model,"Aug 4, 2025","West York Borough, PENNSYLVANIA",5127
Nacogdoches County Sheriff's Office,County,TEXAS,Nacogdoches County,Warrant Service Officer,"Aug 4, 2025","County: Nacogdoches County, TEXAS",65728
Hale County Sheriff's Office,County,TEXAS,Hale County,Warrant Service Officer,"Aug 4, 2025","County: Hale County, TEXAS",31953
Hockley County Sheriff's Office,County,TEXAS,Hockley County,Warrant Service Officer,"Aug 4, 2025","County: Hockley County, TEXAS",21505
Wasatch County Sheriff's Office,County,UTAH,Wasatch County,Warrant Service Officer,"Aug 4, 2025","County: Wasatch County, UTAH",37858
Cache County Sheriff's Office,County,UTAH,Cache County,Warrant Service Officer,"Aug 4, 2025","County: Cache County, UTAH",145487
Jefferson County Sheriff's Office,County,WEST VIRGINIA,Jefferson County,Task Force Model,"Aug 4, 2025","County: Jefferson County, WEST VIRGINIA",61264
Lafayette County Sheriff's Office,County,ARKANSAS,Lafayette County,Task Force Model,"Aug 6, 2025","Lewisville, ARKANSAS 71845",6015
Indiana Department of Corrections,State,INDIANA,#NA,Jail Enforcement Model,"Aug 6, 2025",INDIANA,6924275
Sparta Police Department,Municipality,TENNESSEE,#NA,Task Force Model,"Aug 6, 2025","Sparta, TENNESSEE",4989
Rush County Sheriff's Office,County,INDIANA,Rush County,Warrant Service Officer,"Aug 7, 2025","County: Rush County, INDIANA",16759
Brazoria County Sheriff's Office,County,TEXAS,Brazoria County,Warrant Service Officer,"Aug 7, 2025","County: Brazoria County, TEXAS",413224
Jasper County Sheriff's Office,County,TEXAS,Jasper County,Warrant Service Officer,"Aug 7, 2025","County: Jasper County, TEXAS",32907
Trinity County Sheriff's Office,County,TEXAS,Trinity County,Warrant Service Officer,"Aug 7, 2025","County: Trinity County, TEXAS",14489
Cochise County Sheriff's Office,County,ARIZONA,Cochise County,Warrant Service Officer,"Aug 28, 2025","Bisbee, ARIZONA 85603",125773
Pinal County Attorney's Office,County,ARIZONA,Pinal County,Task Force Model,"Aug 28, 2025","Florence, ARIZONA 85132",513862
Faulkner County Sheriff's Office,County,ARKANSAS,Faulkner County,Warrant Service Officer,"Aug 28, 2025","Conway, ARKANSAS 72032",131611
Fordyce Police Department,Municipality,ARKANSAS,#NA,Task Force Model,"Aug 28, 2025","Fordyce, ARKANSAS 71742",3174
Osceola Police Department,Municipality,ARKANSAS,Mississippi County,Task Force Model,"Aug 28, 2025","Osceola, ARKANSAS 72370",6496
Office of the State Attorney Sixth Judicial Circuit,State,FLORIDA,#NA,Task Force Model,"Aug 28, 2025",FLORIDA,23372215
Altamonte Springs Police Department,Municipality,FLORIDA,Seminole County,Task Force Model,"Aug 28, 2025","Altamonte Springs, FLORIDA 32701",47261
City of Miami Police Department,Municipality,FLORIDA,#NA,Task Force Model,"Aug 28, 2025","Miami, FLORIDA 33128",487014
Florida State College at Jacksonville Police Department,Municipality,FLORIDA,#NA,Task Force Model,"Aug 28, 2025","Jacksonville, FLORIDA 32202",null
Gulf Stream Police Department,Municipality,FLORIDA,#NA,Task Force Model,"Aug 28, 2025","Gulf Stream, FLORIDA 33483",994
Shalimar Police Department,Municipality,FLORIDA,#NA,Task Force Model,"Aug 28, 2025","Shalimar, FLORIDA",757
Morven Police Department,Municipality,GEORGIA,#NA,Task Force Model,"Aug 28, 2025","Morven, GEORGIA",506
Kootenai County Sheriff's Office,County,IDAHO,Kootenai County,Jail Enforcement Model,"Aug 28, 2025","County: Kootenai County, IDAHO",188323
Kootenai County Sheriff's Office,County,IDAHO,Kootenai County,Warrant Service Officer,"Aug 28, 2025","County: Kootenai County, IDAHO",188323
Gretna Police Department,Municipality,LOUISIANA,#NA,Task Force Model,"Aug 28, 2025","Gretna, LOUISIANA",17185
Pettis County Sheriff's Office,County,MISSOURI,Pettis County,Jail Enforcement Model,"Aug 28, 2025","County: Pettis County, MISSOURI",43791
Garfield County Sheriff's Office,County,MONTANA,Garfield County,Task Force Model,"Aug 28, 2025","County: Garfield County, MONTANA",1181
Banner County Sheriff's Office,County,NEBRASKA,Banner County,Task Force Model,"Aug 28, 2025","County: Banner County, NEBRASKA",665
Nebraska State Patrol,State,NEBRASKA,#NA,Task Force Model,"Aug 28, 2025",NEBRASKA,2005465
Okmulgee County District Attorney's Office,County,OKLAHOMA,Okmulgee County,Task Force Model,"Aug 28, 2025","County: Okmulgee County, OKLAHOMA",37084
Canadian County Sheriff's Office,County,OKLAHOMA,Canadian County,Warrant Service Officer,"Aug 28, 2025","County: Canadian County, OKLAHOMA",181760
Somerset County District Attorney's Office,County,PENNSYLVANIA,Somerset County,Task Force Model,"Aug 28, 2025","County: Somerset County, PENNSYLVANIA",72134
Beaver County Sheriff's Office,County,PENNSYLVANIA,Beaver County,Task Force Model,"Aug 28, 2025","County: Beaver County, PENNSYLVANIA",165540
Lancaster County District Attorney's Office,County,PENNSYLVANIA,Lancaster County,Task Force Model,"Aug 28, 2025","County: Lancaster County, PENNSYLVANIA",563293
Addison Borough Constable's Office,Municipality,PENNSYLVANIA,Somerset County,Task Force Model,"Aug 28, 2025","Addison Borough Constable's Office, PENNSYLVANIA",206
East Pennsylvania Township Constable Office,Municipality,PENNSYLVANIA,Cumberland County,Task Force Model,"Aug 28, 2025","East Pennsylvania Township Constable Office, PENNSYLVANIA",null
Lansdowne Borough Constable's Office,Municipality,PENNSYLVANIA,Delaware County,Task Force Model,"Aug 28, 2025","Lansdowne Borough Constable's Office, PENNSYLVANIA",11225
Pennsylvania State Constable's Office So Middleton Twp,Municipality,PENNSYLVANIA,Cumberland County,Task Force Model,"Aug 28, 2025","Pennsylvania State Constable's Office So Middleton Twp, PENNSYLVANIA",null
"Pennsylvania State Constable's Office, Cooke Township",Municipality,PENNSYLVANIA,Cumberland County,Task Force Model,"Aug 28, 2025","Pennsylvania State Constable's Office, Cooke Township, PENNSYLVANIA",null
South Carolina Department of Public Safety,State,SOUTH CAROLINA,#NA,Task Force Model,"Aug 28, 2025",SOUTH CAROLINA,5478831
South Dakota Department of Corrections,State,SOUTH DAKOTA,#NA,Warrant Service Officer,"Aug 28, 2025",SOUTH DAKOTA,924669
Trousdale County Sheriff's Office,County,TENNESSEE,Trousdale County,Warrant Service Officer,"Aug 28, 2025","County: Trousdale County, TENNESSEE",12159
Monroe County Sheriff's Office,County,TENNESSEE,Monroe County,Jail Enforcement Model,"Aug 28, 2025","County: Monroe County, TENNESSEE",49154
Rutherford County Sheriff's Office,County,TENNESSEE,Rutherford County,Warrant Service Officer,"Aug 28, 2025","County: Rutherford County, TENNESSEE",376996
Bell County Sheriff's Office,County,TEXAS,Bell County,Warrant Service Officer,"Aug 28, 2025","County: Bell County, TEXAS",399578
Ector County Sheriff's Office,County,TEXAS,Ector County,Warrant Service Officer,"Aug 28, 2025","County: Ector County, TEXAS",170022
Randall County Sheriff's Office,County,TEXAS,Randall County,Warrant Service Officer,"Aug 28, 2025","County: Randall County, TEXAS",150547
Rusk County Sheriff's Office,County,TEXAS,Rusk County,Task Force Model,"Aug 28, 2025","County: Rusk County, TEXAS",53391
Keller Police Department,Municipality,TEXAS,Tarrant County,Warrant Service Officer,"Aug 28, 2025","Keller, TEXAS",46643
Palo Pinto County Sheriff's Office,County,TEXAS,Palo Pinto County,Warrant Service Officer,"Aug 28, 2025","County: Palo Pinto County, TEXAS",30231
San Jacinto County Sheriff's Office,County,TEXAS,San Jacinto County,Task Force Model,"Aug 28, 2025","County: San Jacinto County, TEXAS",29326
Moore County Sheriff's Office,County,TEXAS,Moore County,Warrant Service Officer,"Aug 28, 2025","County: Moore County, TEXAS",21872
Gray County Sheriff's Office,County,TEXAS,Gray County,Warrant Service Officer,"Aug 28, 2025","County: Gray County, TEXAS",20888
Bosque County Sheriff's Office,County,TEXAS,Bosque County,Warrant Service Officer,"Aug 28, 2025","County: Bosque County, TEXAS",19013
Lee County Sheriff's Office,County,TEXAS,Lee County,Warrant Service Officer,"Aug 28, 2025","County: Lee County, TEXAS",18451
Pecos County Sheriff's Office,County,TEXAS,Pecos County,Warrant Service Officer,"Aug 28, 2025","County: Pecos County, TEXAS",14712
Morris County Sheriff's Office,County,TEXAS,Morris County,Jail Enforcement Model,"Aug 28, 2025","County: Morris County, TEXAS",12184
Archer County Sheriff's Office,County,TEXAS,Archer County,Warrant Service Officer,"Aug 28, 2025","County: Archer County, TEXAS",9155
Swisher County Sheriff's Office,County,TEXAS,Swisher County,Warrant Service Officer,"Aug 28, 2025","County: Swisher County, TEXAS",6877
Carson County Sheriff's Office,County,TEXAS,Carson County,Warrant Service Officer,"Aug 28, 2025","County: Carson County, TEXAS",5822
Crosby County Sheriff's Office,County,TEXAS,Crosby County,Warrant Service Officer,"Aug 28, 2025","County: Crosby County, TEXAS",5030
Reagan County Sheriff's Office,County,TEXAS,Reagan County,Warrant Service Officer,"Aug 28, 2025","County: Reagan County, TEXAS",3139
Upton County Sheriff's Office,County,TEXAS,Upton County,Warrant Service Officer,"Aug 28, 2025","County: Upton County, TEXAS",3128
Lipscomb County Sheriff's Office,County,TEXAS,Lipscomb County,Warrant Service Officer,"Aug 28, 2025","County: Lipscomb County, TEXAS",2880
Oldham County Sheriff's Office,County,TEXAS,Oldham County,Warrant Service Officer,"Aug 28, 2025","County: Oldham County, TEXAS",1823
Motley County Sheriff's Office,County,TEXAS,Motley County,Task Force Model,"Aug 28, 2025","County: Motley County, TEXAS",1015
Riverton Police Department,Municipality,UTAH,#NA,Task Force Model,"Aug 28, 2025","Riverton, UTAH",46680
"Rappahannock, Shenandoah, Warren Regional Jail Authority",County,VIRGINIA,null,Warrant Service Officer,"Aug 28, 2025",VIRGINIA,null
Morgan County Sheriff's Office,County,WEST VIRGINIA,Morgan County,Task Force Model,"Aug 28, 2025","County: Morgan County, WEST VIRGINIA",17780
Harrison County Sheriff's Office,County,WEST VIRGINIA,Harrison County,Task Force Model,"Aug 28, 2025","County: Harrison County, WEST VIRGINIA",64472
Berkeley County Sheriff's Office,County,WEST VIRGINIA,Berkeley County,Task Force Model,"Aug 28, 2025","County: Berkeley County, WEST VIRGINIA",136287
Dallas County Sheriff's Office,County,ARKANSAS,Dallas County,Task Force Model,"Sep 9, 2025","Fordyce, ARKANSAS 71742",6076
Dallas County Sheriff's Office,County,ARKANSAS,Dallas County,Warrant Service Officer,"Sep 9, 2025","Fordyce, ARKANSAS 71742",6076
Pulaski County Sheriff's Office,County,ARKANSAS,Pulaski County,Warrant Service Officer,"Sep 9, 2025","Little Rock, ARKANSAS 72201",401209
District Board of Trustees of Pensacola State College,State,FLORIDA,Escambia County,Task Force Model,"Sep 9, 2025",FLORIDA,23372215
Fayette County Sheriff's Office,County,GEORGIA,Fayette County,Warrant Service Officer,"Sep 9, 2025","Fayetteville, GEORGIA 30214",125107
Corydon Police Department,Municipality,INDIANA,#NA,Task Force Model,"Sep 9, 2025","Corydon, INDIANA",3153
Corydon Police Department,Municipality,INDIANA,#NA,Warrant Service Officer,"Sep 9, 2025","Corydon, INDIANA",3153
Kennard Police Department,Municipality,INDIANA,#NA,Task Force Model,"Sep 9, 2025","Kennard, INDIANA",451
Rooks County Sheriff's Office,County,KANSAS,Rooks County,Warrant Service Officer,"Sep 9, 2025","County: Rooks County, KANSAS",4748
Clinton County Sheriff's Office,County,KENTUCKY,Clinton County,Task Force Model,"Sep 9, 2025","County: Clinton County, KENTUCKY",9183
Butler County Sheriff's Office,County,KENTUCKY,Butler County,Jail Enforcement Model,"Sep 9, 2025","County: Butler County, KENTUCKY",12551
Butler County Sheriff's Office,County,KENTUCKY,Butler County,Task Force Model,"Sep 9, 2025","County: Butler County, KENTUCKY",12551
Butler County Sheriff's Office,County,KENTUCKY,Butler County,Warrant Service Officer,"Sep 9, 2025","County: Butler County, KENTUCKY",12551
Crawford County Sheriff's Office,County,MICHIGAN,Crawford County,Task Force Model,"Sep 9, 2025","County: Crawford County, MICHIGAN",13599
Southwest City Police Department,Municipality,MISSOURI,#N/A,Task Force Model,"Sep 9, 2025","Southwest City, MISSOURI",976
Sioux County Sheriff's Office,County,NEBRASKA,Sioux County,Task Force Model,"Sep 9, 2025","County: Sioux County, NEBRASKA",1099
Brookford Police Department,Municipality,NORTH CAROLINA,#NA,Task Force Model,"Sep 9, 2025","Brookford, NORTH CAROLINA",449
Blaine County Sheriff's Office,County,OKLAHOMA,Blaine County,Task Force Model,"Sep 9, 2025","County: Blaine County, OKLAHOMA",8573
Geary Police Department,Municipality,OKLAHOMA,Blaine County,Task Force Model,"Sep 9, 2025","Geary, OKLAHOMA",987
"Southampton Twp. Cumberland City, Constables Office",Municipality,PENNSYLVANIA,Cumberland County,Task Force Model,"Sep 9, 2025","Southampton Twp. Cumberland City, Constables Office, PENNSYLVANIA",null
Susquehanna Regional Police Department,Municipality,PENNSYLVANIA,Lancaster County,Task Force Model,"Sep 9, 2025","Susquehanna Regional, PENNSYLVANIA",1341
Troy Township PA State Constable,Municipality,PENNSYLVANIA,Bradford County,Task Force Model,"Sep 9, 2025","Troy Township PA State Constable, PENNSYLVANIA",null
Clay County Sheriff's Office,County,TENNESSEE,Clay County,Warrant Service Officer,"Sep 9, 2025","County: Clay County, TENNESSEE",7857
Polk County Sheriff's Office,County,TENNESSEE,Polk County,Warrant Service Officer,"Sep 9, 2025","County: Polk County, TENNESSEE",18338
Warren County Sheriff's Office,County,TENNESSEE,Warren County,Warrant Service Officer,"Sep 9, 2025","County: Warren County, TENNESSEE",43619
Bradley County Constable District 7,County,TENNESSEE,Bradley County,Task Force Model,"Sep 9, 2025","County: Bradley County, TENNESSEE",113782
Mosheim Police Department,Municipality,TENNESSEE,#NA,Task Force Model,"Sep 9, 2025","Mosheim, TENNESSEE",2560
Galveston County Constable's Office Pct.1,Municipality,TEXAS,#NA,Task Force Model,"Sep 9, 2025","Galveston County Constable's Office Pct.1, TEXAS",null
Galveston County Constable's Office Pct.4,Municipality,TEXAS,#NA,Task Force Model,"Sep 9, 2025","Galveston County Constable's Office Pct.4, TEXAS",null
Walker County Constable Pct 3,Municipality,TEXAS,#NA,Task Force Model,"Sep 9, 2025","Walker County Constable Pct 3, TEXAS",null
Wise County Sheriff's Office,County,TEXAS,Wise County,Warrant Service Officer,"Sep 9, 2025","County: Wise County, TEXAS",81275
Wilson County Sheriff's Office,County,TEXAS,Wilson County,Task Force Model,"Sep 9, 2025","County: Wilson County, TEXAS",55415
Caldwell County Sheriff's Office,County,TEXAS,Caldwell County,Warrant Service Officer,"Sep 9, 2025","County: Caldwell County, TEXAS",52430
Washington County Sheriff's Office,County,TEXAS,Washington County,Warrant Service Officer,"Sep 9, 2025","County: Washington County, TEXAS",37810
Milam County Sheriff's Office,County,TEXAS,Milam County,Task Force Model,"Sep 9, 2025","County: Milam County, TEXAS",26159
Lavaca County Sheriff’s Office,County,TEXAS,Lavaca County,Task Force Model,"Sep 9, 2025","County: Lavaca County, TEXAS",20605
Sabine County Sheriff's Office,County,TEXAS,Sabine County,Task Force Model,"Sep 9, 2025","County: Sabine County, TEXAS",10058
Sabine County Sheriff's Office,County,TEXAS,Sabine County,Warrant Service Officer,"Sep 9, 2025","County: Sabine County, TEXAS",10058
Wheeler County Sheriff's Office,County,TEXAS,Wheeler County,Warrant Service Officer,"Sep 9, 2025","County: Wheeler County, TEXAS",4824
Tazewell County Sheriff's Office,County,VIRGINIA,Tazewell County,Task Force Model,"Sep 9, 2025","Tazewell County, VIRGINIA",38875
Pittsylvania County Sheriff's Office,County,VIRGINIA,Pittsylvania County,Warrant Service Officer,"Sep 9, 2025","County: Pittsylvania County, VIRGINIA",59410
Village of Clearview Police Department,Municipality,WEST VIRGINIA,#NA,Task Force Model,"Sep 9, 2025","Village of Clearview, WEST VIRGINIA",457
Autauga County Sheriff's Office,County,ALABAMA,Autauga County,Jail Enforcement Model,"Sep 22, 2025","Prattville, ALABAMA 36067",61464
Autauga County Sheriff's Office,County,ALABAMA,Autauga County,Task Force Model,"Sep 22, 2025","Prattville, ALABAMA 36067",61464
Autauga County Sheriff's Office,County,ALABAMA,Autauga County,Warrant Service Officer,"Sep 22, 2025","Prattville, ALABAMA 36067",61464
Marshall County Sheriff's Office,County,ALABAMA,Marshall County,Jail Enforcement Model,"Sep 22, 2025","Guntersville, ALABAMA 35976",102156
Lanett Police Department,Municipality,ALABAMA,#NA,Task Force Model,"Sep 22, 2025","Lanett, ALABAMA 36863",6704
Garland County Sheriff's Office,County,ARKANSAS,Garland County,Jail Enforcement Model,"Sep 22, 2025","Hot Springs, ARKANSAS 71901",99902
16th Judicial Distric Drug Task Force,State,ARKANSAS,#NA,Task Force Model,"Sep 22, 2025",ARKANSAS,3088354
Cross City Police Department,Municipality,FLORIDA,Dixie County,Task Force Model,"Sep 22, 2025","Cross City, FLORIDA 32628",1816
Palmetto Police Department,Municipality,FLORIDA,Manatee County,Task Force Model,"Sep 22, 2025","Palmetto, FLORIDA",13682
City of Morrow Police Department,Municipality,GEORGIA,#NA,Task Force Model,"Sep 22, 2025","City of Morrow, GEORGIA",6262
Office Of The Attorney General,State,GUAM,Kattan District,Task Force Model,"Sep 22, 2025",GUAM,153836
Saline County Sheriff's Office,County,KANSAS,Saline County,Warrant Service Officer,"Sep 22, 2025","County: Saline County, KANSAS",53459
Pearl River Police Department,Municipality,LOUISIANA,#NA,Task Force Model,"Sep 22, 2025","Pearl River, LOUISIANA",2647
Mississippi Office of the State Auditor,State,MISSISSIPPI,Hinds County,Task Force Model,"Sep 22, 2025",MISSISSIPPI,2943045
Goodman Police Department,Municipality,MISSOURI,#N/A,Task Force Model,"Sep 22, 2025","Goodman, MISSOURI",1305
Goodman Police Department,Municipality,MISSOURI,#N/A,Warrant Service Officer,"Sep 22, 2025","Goodman, MISSOURI",1305
Columbus County Sheriff's Office,County,NORTH CAROLINA,Columbus County,Task Force Model,"Sep 22, 2025","County: Columbus County, NORTH CAROLINA",50054
Barnsdall Police Department,Municipality,OKLAHOMA,#NA,Task Force Model,"Sep 22, 2025","Barnsdall, OKLAHOMA",975
Olanta Police Department,Municipality,SOUTH CAROLINA,#NA,Task Force Model,"Sep 22, 2025","Olanta, SOUTH CAROLINA",550
Bradley County Constable District 1,Municipality,TENNESSEE,#NA,Task Force Model,"Sep 22, 2025","Bradley County Constable District 1, TENNESSEE",null
Monroe County Constable District 2,Municipality,TENNESSEE,#NA,Task Force Model,"Sep 22, 2025","Monroe County Constable District 2, TENNESSEE",null
Galveston County Constable Precinct 2,Municipality,TEXAS,#NA,Task Force Model,"Sep 22, 2025","Galveston County Constable Precinct 2, TEXAS",null
Williamson County Sheriff's Office,County,TEXAS,Williamson County,Warrant Service Officer,"Sep 22, 2025","County: Williamson County, TEXAS",727480
League City Police Department,Municipality,TEXAS,#NA,Task Force Model,"Sep 22, 2025","League City, TEXAS",118456
League City Police Department,Municipality,TEXAS,#NA,Warrant Service Officer,"Sep 22, 2025","League City, TEXAS",118456
Bastrop County Sheriff's Office,County,TEXAS,Bastrop County,Warrant Service Officer,"Sep 22, 2025","County: Bastrop County, TEXAS",114931
Shelby County Sheriff's Office,County,TEXAS,Shelby County,Warrant Service Officer,"Sep 22, 2025","County: Shelby County, TEXAS",24192
Frio County Sheriff's Office,County,TEXAS,Frio County,Jail Enforcement Model,"Sep 22, 2025","County: Frio County, TEXAS",19520
Frio County Sheriff's Office,County,TEXAS,Frio County,Task Force Model,"Sep 22, 2025","County: Frio County, TEXAS",19520
Frio County Sheriff's Office,County,TEXAS,Frio County,Warrant Service Officer,"Sep 22, 2025","County: Frio County, TEXAS",19520
Eastland County Sheriff's Office,County,TEXAS,Eastland County,Warrant Service Officer,"Sep 22, 2025","County: Eastland County, TEXAS",18290
Wilbarger County Sheriff's Office,County,TEXAS,Wilbarger County,Warrant Service Officer,"Sep 22, 2025","County: Wilbarger County, TEXAS",12455
Somervell County Sheriff's Office,County,TEXAS,Somervell County,Warrant Service Officer,"Sep 22, 2025","County: Somervell, TEXAS",10098
Clifton Police Department,Municipality,TEXAS,Bosque County,Task Force Model,"Sep 22, 2025","Clifton, TEXAS",3535
Cabell County Sheriff's Office,County,WEST VIRGINIA,Cabell County,Task Force Model,"Sep 22, 2025","County: Cabell County, WEST VIRGINIA",91489
Kewaunee County Sheriff's Office,County,WISCONSIN,Kewaunee County,Jail Enforcement Model,"Sep 22, 2025","County: Kewaunee County, WISCONSIN",20751
Nebraska Department of Correctional Services,State,NEBRASKA,#NA,Jail Enforcement Model,"Oct 15, 2025",NEBRASKA,2005465
Washington County Sheriff's Office,County,ALABAMA,Washington County,Task Force Model,"Oct 17, 2025","Chatom, ALABAMA 36518",15018
Lauderdale County Sheriff's Office,County,ALABAMA,Lauderdale County,Task Force Model,"Oct 17, 2025","Florence, ALABAMA 35630",97502
Baldwin County Sheriff's Office,County,ALABAMA,Baldwin County,Task Force Model,"Oct 17, 2025","Bay Minette, ALABAMA 36507",261608
Silverhill Police Department,Municipality,ALABAMA,#NA,Task Force Model,"Oct 17, 2025","Silverhill, ALABAMA 36576",2030
Madison County Sheriff's Office,County,ARKANSAS,Madison County,Warrant Service Officer,"Oct 17, 2025","Huntsville, ARKANSAS 72740",17865
Independence County Sheriff's Office,County,ARKANSAS,Independence County,Jail Enforcement Model,"Oct 17, 2025","Batesville, ARKANSAS 72501",38345
Taylor County Sheriff's Office,County,FLORIDA,Taylor County,Jail Enforcement Model,"Oct 17, 2025","Perry, FLORIDA 32347",21843
Niceville Police Department,Municipality,FLORIDA,#NA,Task Force Model,"Oct 17, 2025","Niceville, FLORIDA",17919
Plant City Police Department,Municipality,FLORIDA,#NA,Task Force Model,"Oct 17, 2025","Plant City, FLORIDA",43046
Port Saint Lucie Police Department,Municipality,FLORIDA,#NA,Task Force Model,"Oct 17, 2025","Port Saint Lucie, FLORIDA",258575
Oglethorpe County Sheriff's Office,County,GEORGIA,Oglethorpe County,Task Force Model,"Oct 17, 2025","Lexington, GEORGIA 30648",16172
Social Circle Police Department,Municipality,GEORGIA,#NA,Task Force Model,"Oct 17, 2025","Social Circle, GEORGIA",5415
Washington County Sheriff's Office,County,IDAHO,Washington County,Warrant Service Officer,"Oct 17, 2025","County: Washington County, IDAHO",11539
Hammond Police Department,Municipality,LOUISIANA,#NA,Task Force Model,"Oct 17, 2025","Hammond, LOUISIANA",23426
Hammond Police Department,Municipality,LOUISIANA,#NA,Warrant Service Officer,"Oct 17, 2025","Hammond, LOUISIANA",23426
Kenner Police Department,Municipality,LOUISIANA,#NA,Task Force Model,"Oct 17, 2025","Kenner, LOUISIANA",64650
Morse Police Department,Municipality,LOUISIANA,#NA,Task Force Model,"Oct 17, 2025","Morse, LOUISIANA",598
Sherburne County Sheriff's Office,County,MINNESOTA,Sherburne County,Jail Enforcement Model,"Oct 17, 2025","County: Sherburne County, MINNESOTA",103059
Sumrall Police Department,Municipality,MISSISSIPPI,#N/A,Task Force Model,"Oct 17, 2025","Sumrall, MISSISSIPPI",2172
Phelps County Sheriff's Department,County,MISSOURI,Phelps County,Task Force Model,"Oct 17, 2025","County: Phelps County, MISSOURI",45672
Washburn Police Department,Municipality,MISSOURI,#N/A,Warrant Service Officer,"Oct 17, 2025","Washburn, MISSOURI",415
Otsego County Sheriff's Office,County,NEW YORK,Otsego County,Warrant Service Officer,"Oct 17, 2025","County: Otsego County, NEW YORK",60524
Beulaville Police Department,Municipality,NORTH CAROLINA,#NA,Task Force Model,"Oct 17, 2025","Beulaville, NORTH CAROLINA",1160
Newland Police Department,Municipality,NORTH CAROLINA,#NA,Task Force Model,"Oct 17, 2025","Newland, NORTH CAROLINA",733
Craig County Sheriff's Office,County,OKLAHOMA,Craig County,Task Force Model,"Oct 17, 2025","County: Craig County, OKLAHOMA",14506
Lincoln County Sheriff's Office,County,OKLAHOMA,Lincoln County,Task Force Model,"Oct 17, 2025","County: Lincoln County, OKLAHOMA",34972
Sequoyah County Sheriff's Office,County,OKLAHOMA,Sequoyah County,Task Force Model,"Oct 17, 2025","County: Sequoyah County, OKLAHOMA",40555
Beggs Police Department,Municipality,OKLAHOMA,#NA,Task Force Model,"Oct 17, 2025","Beggs, OKLAHOMA",1184
Westmoreland County Sheriff's Office,County,PENNSYLVANIA,Westmoreland County,Jail Enforcement Model,"Oct 17, 2025","County: Westmoreland County, PENNSYLVANIA",350935
Gaines Township PA State Constable,Municipality,PENNSYLVANIA,Tioga County,Task Force Model,"Oct 17, 2025","Gaines Township PA State Constable, PENNSYLVANIA",null
Manor Township Police Department,Municipality,PENNSYLVANIA,Armstrong County,Task Force Model,"Oct 17, 2025","Manor Township, PENNSYLVANIA",3510
Pennsylvania State Constable Office Honey Brook Precinct 1,Municipality,PENNSYLVANIA,Chester County,Task Force Model,"Oct 17, 2025","Pennsylvania State Constable Office Honey Brook Precinct 1, PENNSYLVANIA",1915
Franklin County Sheriff's Office,County,TENNESSEE,Franklin County,Warrant Service Officer,"Oct 17, 2025","County: Franklin County, TENNESSEE",45137
Bradley County Sheriff's Office,County,TENNESSEE,Bradley County,Warrant Service Officer,"Oct 17, 2025","County: Bradley County, TENNESSEE",113782
Sullivan County Sheriff's Office,County,TENNESSEE,Sullivan County,Task Force Model,"Oct 17, 2025","County: Sullivan County, TENNESSEE",162703
Montgomery County Sheriff's Office,County,TENNESSEE,Montgomery County,Warrant Service Officer,"Oct 17, 2025","County: Montgomery County, TENNESSEE",246025
Bradley County Constable District 6,Municipality,TENNESSEE,#NA,Task Force Model,"Oct 17, 2025","Bradley County Constable District 6, TENNESSEE",null
Department of Public Safety- Criminal Investigations Division,State,TEXAS,#NA,Task Force Model,"Oct 17, 2025",TEXAS,31290831
Bexar County Sheriff's Office,County,TEXAS,Bexar County,Warrant Service Officer,"Oct 17, 2025","County: Bexar County, TEXAS",2127737
Hidalgo County Sheriff's Office,County,TEXAS,Hidalgo County,Warrant Service Officer,"Oct 17, 2025","County: Hidalgo County, TEXAS",914820
Smith County Constable Precinct 4,County,TEXAS,Smith County,Task Force Model,"Oct 17, 2025","County: Smith County, TEXAS",249091
Comal County Sheriff's Office,County,TEXAS,Comal County,Warrant Service Officer,"Oct 17, 2025","County: Comal County, TEXAS",201628
Midland County Sheriff's Office,County,TEXAS,Midland County,Warrant Service Officer,"Oct 17, 2025","County: Midland County, TEXAS",183587
Grayson County Sheriff's Office,County,TEXAS,Grayson County,Warrant Service Officer,"Oct 17, 2025","County: Grayson County, TEXAS",150532
Bowie County Sheriff's Office,County,TEXAS,Bowie County,Warrant Service Officer,"Oct 17, 2025","County: Bowie County, TEXAS",91992
Henderson County Sheriff's Office,County,TEXAS,Henderson County,Warrant Service Officer,"Oct 17, 2025","County: Henderson County, TEXAS",87467
Lamar County Sheriff's Office,County,TEXAS,Lamar County,Warrant Service Officer,"Oct 17, 2025","County: Lamar County, TEXAS",51249
Hopkins County Sheriff's Office,County,TEXAS,Hopkins County,Warrant Service Officer,"Oct 17, 2025","County: Hopkins County, TEXAS",38784
Howard County Sheriff's Office,County,TEXAS,Howard County,Warrant Service Officer,"Oct 17, 2025","County: Howard County, TEXAS",30833
San Jacinto County Sheriff's Office,County,TEXAS,San Jacinto County,Warrant Service Officer,"Oct 17, 2025","County: San Jacinto County, TEXAS",29326
Jackson County Sheriff's Office,County,TEXAS,Jackson County,Task Force Model,"Oct 17, 2025","County: Jackson County, TEXAS",15284
Karnes County Sheriff's Office,County,TEXAS,Karnes County,Warrant Service Officer,"Oct 17, 2025","County: Karnes County, TEXAS",15137
Nolan County Sheriff's Office,County,TEXAS,Nolan County,Warrant Service Officer,"Oct 17, 2025","County: Nolan County, TEXAS",14182
Live Oak County Sheriff's Office,County,TEXAS,Live Oak County,Task Force Model,"Oct 17, 2025","County: Live Oak County, TEXAS",11967
Stephens County Sheriff's Office,County,TEXAS,Stephens County,Warrant Service Officer,"Oct 17, 2025","County: Stephens County, TEXAS",9475
Castro County Sheriff's Office,County,TEXAS,Castro County,Warrant Service Officer,"Oct 17, 2025","County: Castro County, TEXAS",7380
Ingram Police Department,Municipality,TEXAS,#NA,Task Force Model,"Oct 17, 2025","Ingram, TEXAS",1849
Department of Public Safety - Texas Highway Patrol,State,TEXAS,#NA,Task Force Model,"Nov 3, 2025",TEXAS,31290831
Monroe County Sheriff's Office,County,ALABAMA,Monroe County,Task Force Model,"Nov 4, 2025","Monroeville, ALABAMA 36460",19057
Izard County Sheriff's Office,County,ARKANSAS,Izard County,Jail Enforcement Model,"Nov 4, 2025","Melbourne, ARKANSAS 72556",14291
Arkansas National Guard,State,ARKANSAS,#NA,Task Force Model,"Nov 4, 2025",ARKANSAS,3088354
Dade City Police Department,Municipality,FLORIDA,Pasco County,Task Force Model,"Nov 4, 2025","Dade City, FLORIDA 33523",9662
Delray Beach Police Department,Municipality,FLORIDA,Palm Beach County,Task Force Model,"Nov 4, 2025","Delray Beach, FLORIDA 33444",70140
Fruitland Park Police Department,Municipality,FLORIDA,Lake County,Task Force Model,"Nov 4, 2025","Fruitland Park, FLORIDA 34731",8962
Madison Police Department,Municipality,FLORIDA,#NA,Task Force Model,"Nov 4, 2025","Madison, FLORIDA",2994
Lanier County Sheriff's Office,County,GEORGIA,Lanier County,Task Force Model,"Nov 4, 2025","Lakeland, GEORGIA 31635",10464
Grady County Sheriff's Office,County,GEORGIA,Grady County,Task Force Model,"Nov 4, 2025","Cairo, GEORGIA 39828",26271
Brown County Sheriff's Office,County,KANSAS,Brown County,Jail Enforcement Model,"Nov 4, 2025","County: Brown County, KANSAS",9142
Brown County Sheriff's Office,County,KANSAS,Brown County,Task Force Model,"Nov 4, 2025","County: Brown County, KANSAS",9142
Sedgwick County Sheriff's Office,County,KANSAS,Sedgwick County,Warrant Service Officer,"Nov 4, 2025","County: Sedgwick County, KANSAS",536081
Coffeyville Police Department,Municipality,KANSAS,#NA,Task Force Model,"Nov 4, 2025","Coffeyville, KANSAS",8545
West Branch Police Department,Municipality,MICHIGAN,Ogemaw County,Task Force Model,"Nov 4, 2025","West Branch, MICHIGAN",2355
Ozark County Sheriff's Office,County,MISSOURI,Ozark County,Jail Enforcement Model,"Nov 4, 2025","County: Ozark County, MISSOURI",9090
Ozark County Sheriff's Office,County,MISSOURI,Ozark County,Task Force Model,"Nov 4, 2025","County: Ozark County, MISSOURI",9090
Ozark County Sheriff's Office,County,MISSOURI,Ozark County,Warrant Service Officer,"Nov 4, 2025","County: Ozark County, MISSOURI",9090
Sparta Police Department,Municipality,MISSOURI,#N/A,Task Force Model,"Nov 4, 2025","Sparta, MISSOURI",1956
Washburn Police Department,Municipality,MISSOURI,#N/A,Task Force Model,"Nov 4, 2025","Washburn, MISSOURI",415
Onslow County Sheriff's Office,County,NORTH CAROLINA,Onslow County,Task Force Model,"Nov 4, 2025","County: Onslow County, NORTH CAROLINA",212954
Clermont County Sheriff's Office,County,OHIO,Clermont County,Task Force Model,"Nov 4, 2025","County: Clermont County, OHIO",214123
Gratis Police Department,Municipality,OHIO,#NA,Task Force Model,"Nov 4, 2025","Gratis, OHIO",835
Benton Borough Police Department,Municipality,PENNSYLVANIA,Columbia County,Task Force Model,"Nov 4, 2025","Benton Borough, PENNSYLVANIA",824
Union Township Police Department,Municipality,PENNSYLVANIA,Washington County,Task Force Model,"Nov 4, 2025","Union Township, PENNSYLVANIA",null
Carter County Sheriff's Office,County,TENNESSEE,Carter County,Warrant Service Officer,"Nov 4, 2025","County: Carter County, TENNESSEE",57434
Jefferson County Sheriff's Office,County,TENNESSEE,Jefferson County,Warrant Service Officer,"Nov 4, 2025","County: Jefferson County, TENNESSEE",59217
Shelby County Sheriff's Office,County,TENNESSEE,Shelby County,Warrant Service Officer,"Nov 4, 2025","County: Shelby County, TENNESSEE",910530
Sevierville Police Department,Municipality,TENNESSEE,#NA,Task Force Model,"Nov 4, 2025","Sevierville, TENNESSEE",18231
Polk County Constable 4th District,Municipality,TENNESSEE,#NA,Task Force Model,"Nov 4, 2025","Polk County, TENNESSEE",null
Wichita County Sheriff's Office,County,TEXAS,Wichita County,Task Force Model,"Nov 4, 2025","County: Wichita County, TEXAS",129984
Comanche County Sheriff's Office,County,TEXAS,Comanche County,Warrant Service Officer,"Nov 4, 2025","County: Comanche County, TEXAS",14359
Dallam County Sheriff's Office,County,TEXAS,Dallam County,Task Force Model,"Nov 4, 2025","County: Dallam County, TEXAS",7526
Mills County Sheriff's Office,County,TEXAS,Mills County,Warrant Service Officer,"Nov 4, 2025","County: Mills County, TEXAS",4563
Falfurrias Police Department,Municipality,TEXAS,#NA,Task Force Model,"Nov 4, 2025","Falfurrias, TEXAS",4351
Holland Police Department,Municipality,TEXAS,#NA,Task Force Model,"Nov 4, 2025","Holland, TEXAS",1129
Smiley City Marshal's Office,Municipality,TEXAS,#NA,Task Force Model,"Nov 4, 2025","Smiley City Marshal's Office, TEXAS",490
Sevier County Sheriff's Office,County,UTAH,Sevier County,Jail Enforcement Model,"Nov 4, 2025","County: Sevier County, UTAH",22520
Sevier County Sheriff's Office,County,UTAH,Sevier County,Warrant Service Officer,"Nov 4, 2025","County: Sevier County, UTAH",22520
Marathon County Sheriff's Office,County,WISCONSIN,Marathon County,Jail Enforcement Model,"Nov 4, 2025","Marathon County, WISCONSIN",139091
Lincoln County Sheriff's Office,County,WYOMING,Lincoln County,Warrant Service Officer,"Nov 4, 2025","Afton, WYOMING 83110",21000
Brown County Sheriff's Office,County,KANSAS,Brown County,Warrant Service Officer,"Nov 5, 2025","County: Brown County, KANSAS",9142
Washington County Sheriff's Office,County,TENNESSEE,Washington County,Warrant Service Officer,"Nov 5, 2025","County: Washington County, TENNESSEE",139642
Franklin County Sheriff's Office,County,ALABAMA,Franklin County,Task Force Model,"Nov 6, 2025","Russellville, ALABAMA 35653",31874
Cash Police Department,Municipality,ARKANSAS,#NA,Task Force Model,"Nov 6, 2025","Cash, ARKANSAS 72421",283
Port Richey Police Department,Municipality,FLORIDA,#NA,Task Force Model,"Nov 6, 2025","Port Richey, FLORIDA",3637
Alto Police Department,Municipality,GEORGIA,#NA,Task Force Model,"Nov 6, 2025","Alto, GEORGIA 30510",1011
LaGrange Police Department,Municipality,INDIANA,#NA,Task Force Model,"Nov 6, 2025","LaGrange, INDIANA",2757
Marion County Sheriff's Office,County,IOWA,Marion County,Task Force Model,"Nov 6, 2025","County: Marion County, IOWA",34048
Webster County Sheriff's Office,County,MISSOURI,Webster County,Task Force Model,"Nov 6, 2025","County: Webster County, MISSOURI",42041
Springdale Borough Police Department,Municipality,PENNSYLVANIA,Allegheny County,Task Force Model,"Nov 6, 2025","Springdale Borough, PENNSYLVANIA",3272
Metropolitan Moore County Sheriff's Office,County,TENNESSEE,Moore County,Warrant Service Officer,"Nov 6, 2025","County: Moore County, TENNESSEE",6773
Dekalb County Sheriff's Office,County,TENNESSEE,Dekalb County,Warrant Service Officer,"Nov 6, 2025","County: Dekalb County, TENNESSEE",21747
Sevier County Sheriff's Office,County,TENNESSEE,Sevier County,Task Force Model,"Nov 6, 2025","County: Sevier County, TENNESSEE",100184
Sevier County Sheriff's Office,County,TENNESSEE,Sevier County,Warrant Service Officer,"Nov 6, 2025","County: Sevier County, TENNESSEE",100184
Paris Police Department,Municipality,TEXAS,#NA,Task Force Model,"Nov 6, 2025","Paris, TEXAS",25037
Zapata County Sheriff's Office,County,TEXAS,Zapata County,Jail Enforcement Model,"Nov 6, 2025","County: Zapata County, TEXAS",13819
Zapata County Sheriff's Office,County,TEXAS,Zapata County,Task Force Model,"Nov 6, 2025","County: Zapata County, TEXAS",13819
Freer Police Department,Municipality,TEXAS,#NA,Task Force Model,"Nov 6, 2025","Freer, TEXAS",2352
Shiner Police Department,Municipality,TEXAS,#NA,Task Force Model,"Nov 6, 2025","Shiner, TEXAS",2163
Big Sandy Police Departement,Municipality,TEXAS,#NA,Task Force Model,"Nov 6, 2025","Big Sandy Police Departement, TEXAS",1326
Franklin County Sheriff's Office,County,GEORGIA,Franklin County,Warrant Service Officer,"Nov 10, 2025","Carnesville, GEORGIA 30521",25208
Fulton County Sheriff's Office,County,KENTUCKY,Fulton County,Task Force Model,"Nov 10, 2025","County: Fulton County, KENTUCKY",6282
Moulton Police Department,Municipality,TEXAS,Lavaca County,Task Force Model,"Nov 10, 2025","Moulton, TEXAS",858
Putnam County Sheriff's Office,County,WEST VIRGINIA,Putnam County,Task Force Model,"Nov 10, 2025","County: Putnam County, WEST VIRGINIA",57067
Elberta Police Department,Municipality,ALABAMA,#NA,Task Force Model,"Nov 14, 2025","Elberta, ALABAMA 36530",2147
Semmes Police Department,Municipality,ALABAMA,#NA,Task Force Model,"Nov 14, 2025","Semmes, ALABAMA 36575",6193
Angola Police Department,Municipality,INDIANA,#NA,Task Force Model,"Nov 14, 2025","Angola, INDIANA",9432
Wathena Police Department,Municipality,KANSAS,Doniphan County,Task Force Model,"Nov 14, 2025","Wathena, KANSAS",1260
Hickman County Sheriff's Office,County,KENTUCKY,Hickman County,Task Force Model,"Nov 14, 2025","County: Hickman County, KENTUCKY",4393
Warren County Sheriff's Office,County,OHIO,Warren County,Task Force Model,"Nov 14, 2025","County: Warren County, OHIO",256059
Sardinia Police Department,Municipality,OHIO,#NA,Task Force Model,"Nov 14, 2025","Sardinia, OHIO",1109
Van Buren County Sheriff's Office,County,TENNESSEE,Van Buren County,Warrant Service Officer,"Nov 14, 2025","County: Van Buren County, TENNESSEE",6686
Lincoln County Sheriff's Office,County,TENNESSEE,Lincoln County,Warrant Service Officer,"Nov 14, 2025","County: Lincoln County, TENNESSEE",36751
Fayette County Sheriff's Office,County,TEXAS,Fayette County,Task Force Model,"Nov 14, 2025","County: Fayette County, TEXAS",25488
Uvalde County Sheriff's Office,County,TEXAS,Uvalde County,Jail Enforcement Model,"Nov 14, 2025","Uvalde County, TEXAS",25138
Andrews County Sheriff's Office,County,TEXAS,Andrews County,Warrant Service Officer,"Nov 14, 2025","County: Andrews County, TEXAS",18923
Arp Police Department,Municipality,TEXAS,#NA,Task Force Model,"Nov 14, 2025","Arp, TEXAS",987
Eutawville Police Department,Municipality,SOUTH CAROLINA,Orangeburg County,Task Force Model,"Nov 18, 2025","Eutawville, SC 29048",241
Madison County Sheriff's Office,County,TENNESSEE,Madison County,Task Force Model,"Nov 18, 2025","Madison County, TN",100409
Lampasas County Sheriff's Office,County,TEXAS,Lampasas County,Task Force Model,"Nov 18, 2025","Lampasas County, TX",23539
Midway Police Department,Municipality,FLORIDA,#NA,Task Force Model,"Nov 19, 2025","Midway, FL 32343",3485
Welaka Police Department,Municipality,FLORIDA,#NA,Task Force Model,"Nov 19, 2025","Welaka, FL 32193",763
Douglas County Sheriff's Office,County,MISSOURI,Douglas County,Task Force Model,"Nov 19, 2025","Douglas County, MO",12290
Ash Grove Police Department,Municipality,MISSOURI,#NA,Task Force Model,"Nov 19, 2025","Ash Grove, MO 65604",1523
Ava Police Department,Municipality,MISSOURI,#NA,Task Force Model,"Nov 19, 2025","Ava, MO 65608",3184
Cattaraugus County Sheriff's Office,County,NEW YORK,Cattaraugus County,Task Force Model,"Nov 19, 2025","Cattaraugus County, NY",75475
Tyler County Sheriff's Office,County,TEXAS,Tyler County,Warrant Service Officer,"Nov 19, 2025","Tyler County, TX",20560
Point Comfort Police Department,Municipality,TEXAS,Calhoun County,Task Force Model,"Nov 19, 2025","Point Comfort, TX 77978",562
Cloud County Sheriff's Department,County,KANSAS,Cloud County,Warrant Service Officer,"Nov 20, 2025","Concordia, KS 66901",8723
Crane Police Department,Municipality,MISSOURI,Stone County,Task Force Model,"Nov 20, 2025","Crane, MO 65633",1526
Clay County Sheriff's Office,County,TEXAS,Clay County,Task Force Model,"Nov 20, 2025","Henrietta, TX 76365",10730
Clay County Sheriff's Office,County,TEXAS,Clay County,Warrant Service Officer,"Nov 20, 2025","Henrietta, TX 76365",10730
New Berlin Marshal's Office,Municipality,TEXAS,Guadalupe County,Task Force Model,"Nov 20, 2025","New Berlin, TX 78155",711
Sanpete County Sheriff's Office,County,UTAH,Sanpete County,Warrant Service Officer,"Nov 20, 2025","Manti, UT 84642",30732
Renville County Sheriff's Office,County,NORTH DAKOTA,Renville County,Task Force Model,"Nov 21, 2025","Mohall, ND 58761",2376
Renville County Sheriff's Office,County,NORTH DAKOTA,Renville County,Warrant Service Officer,"Nov 21, 2025","Mohall, ND 58761",2376
Marion County Sheriff's Office,County,TENNESSEE,Marion County,Warrant Service Officer,"Nov 21, 2025","Jasper, TN 37347",29826
Hancock County Sheriff's Office,County,TENNESSEE,Hancock County,Warrant Service Officer,"Nov 24, 2025","Sneedville, TN 37869",7038
Yoakum Police Department,County,TEXAS,Yoakum County,Task Force Model,"Nov 24, 2025","Plains, TX 79355",7581
Arkansas Department of Corrections,State,ARKANSAS,Pulaski County,Jail Enforcement Model,"Dec 2, 2025",Arkansas,3088354
Arkansas Department of Corrections,State,ARKANSAS,Pulaski County,Warrant Service Officer,"Dec 2, 2025",Arkansas,3088354
Lyon County Sheriff's Office,County,KANSAS,Lyon County,Warrant Service Officer,"Dec 2, 2025","Emporia, KS 66801",32520
Callaway County Sheriff's Office,County,MISSOURI,Callaway County,Jail Enforcement Model,"Dec 2, 2025","Fulton, MO 65251",45126
Walnut Grove Police Department,Municipality,MISSOURI,Greene County,Task Force Model,"Dec 2, 2025","Walnut Grove, MO 65770",642
Bowman County Sheriff's Office,County,NORTH DAKOTA,Bowman County,Task Force Model,"Dec 2, 2025","Bowman, ND 58623",2886
Center Township Police Department,Municipality,PENNSYLVANIA,"Beaver County ",Task Force Model,"Dec 2, 2025","Aliquippa, PA 15001",9003
Unicoi County Sheriff's Office,County,TENNESSEE,Unicoi County,Warrant Service Officer,"Dec 2, 2025","Erwin, TN 37650",17872
Webb County Sheriff's Office,County,TEXAS,Webb County,Jail Enforcement Model,"Dec 2, 2025","Laredo, TX 78040",272823
Johnson County Sheriff's Office,County,TEXAS,Johnson County,Jail Enforcement Model,"Dec 2, 2025","Cleburne, TX 76031",210547
Guadalupe County Sheriff's Office,County,TEXAS,Guadalupe County,Jail Enforcement Model,"Dec 2, 2025","Seguin, TX 78155",195166
Taylor County Sheriff's Office,County,TEXAS,Taylor County,Warrant Service Officer,"Dec 2, 2025","Abilene, TX 79602",148813
Brown County Sheriff's Office,County,TEXAS,Brown County,Warrant Service Officer,"Dec 2, 2025","Brownwood, TX 76801",38631
Colorado County Sheriff's Office,County,TEXAS,Colorado County,Warrant Service Officer,"Dec 2, 2025","Columbus, TX 78934",21475
Morris County Sheriff's Office,County,TEXAS,Morris County,Task Force Model,"Dec 2, 2025","Daingerfield, TX 75638",12184
Parmer County Sheriff's Office,County,TEXAS,Parmer County,Warrant Service Officer,"Dec 2, 2025","Farwell, TX 79325",9669
Borden County Sheriff's Office,County,TEXAS,Borden County,Task Force Model,"Dec 2, 2025","Gail, TX 79738",557
Hampshire County Sheriff's Office,County,WEST VIRGINIA,Hampshire County,Task Force Model,"Dec 2, 2025","Romney, WV 26757",23793
Dekalb County Sheriff's Office,County,ALABAMA,DeKalb County,Task Force Model,"Dec 8, 2025","Fort Payne, AL 35968",73122
Etowah County Sheriff's Office,County,ALABAMA,Etowah County,Task Force Model,"Dec 8, 2025","Gadsden, AL 35901",103207
Camp Hill Police Department,Municipality,ALABAMA,Tallapoosa County,Task Force Model,"Dec 8, 2025","Camp Hill, AL 36850",965
Gretna Police Department,Municipality,FLORIDA,Gadsden County,Task Force Model,"Dec 8, 2025","Gretna, FL 32332",1284
Phillips County Sheriff's Department,County,KANSAS,Phillips County,Warrant Service Officer,"Dec 8, 2025","Phillipsburg, KS 67661",4733
Osage County Sheriff's Office,County,KANSAS,Osage County,Warrant Service Officer,"Dec 8, 2025","Lyndon, KS 66451",15737
Carlisle County Sheriff's Office,County,KENTUCKY,Carlisle County,Task Force Model,"Dec 8, 2025","Bardwell, KY 42030",4777
Montgomery County Sheriff's Office,County,KENTUCKY,Montgomery County,Task Force Model,"Dec 8, 2025","Mt Sterling, KY 40353",28771
Mississippi Department of Public Safety,State,MISSISSIPPI,null,Task Force Model,"Dec 8, 2025",Mississippi,2943045
Lawrence County Sheriff's Office,County,MISSOURI,Lawrence County,Task Force Model,"Dec 8, 2025","Mt Vernon, MO 65712",39151
Mountain Grove Police Department,Municipality,MISSOURI,Wright County,Task Force Model,"Dec 8, 2025","Mountain Grove, MO 65711",4690
Peebles Police Department,Municipality,OHIO,Adams County,Task Force Model,"Dec 8, 2025","Peebles, OH 45660",1760
Major County Sheriff's Department,County,OKLAHOMA,Major County,Task Force Model,"Dec 8, 2025","Fairview, OK 73737",7569
Weatherford Police Department,Municipality,OKLAHOMA,Custer County,Task Force Model,"Dec 8, 2025","Weatherford, OK 73096",12047
Chippewa Township Police Department,Municipality,PENNSYLVANIA,Beaver County,Task Force Model,"Dec 8, 2025","Beaver Falls, PA 15010",8757
Bastrop County Sheriff's Office,County,TEXAS,Bastrop County,Task Force Model,"Dec 8, 2025","Bastrop, TX 78602",114931
Upshur County Sheriff's Office,County,TEXAS,Upshur County,Task Force Model,"Dec 8, 2025","Gilmer, TX 75644",44050
Freestone County Constable Precinct 2,Municipality,TEXAS,Freestone County,Task Force Model,"Dec 8, 2025","Teague, Texas 75860",3569
Frederick County Sheriff's Office,County,VIRGINIA,Frederick County,Task Force Model,"Dec 8, 2025","Winchester, VA 22602",98109
Mineral County Sheriff's Office,County,WEST VIRGINIA,Mineral County,Task Force Model,"Dec 8, 2025","Keyser, WV 26726",26778
Summersville Police Department,Municipality,WEST VIRGINIA,Nicholas County,Task Force Model,"Dec 8, 2025","Summersville, WV 26651",3326
Greensboro Police Department,Municipality,INDIANA,Henry County,Task Force Model,"Dec 9, 2025","Greensboro, IN 47344",125
Bradley County Sheriff's Office,County,TENNESSEE,Bradley County,Jail Enforcement Model,"Dec 9, 2025","Cleveland, TN 37311",113782
Summerdale Police Department,Municipality,ALABAMA,Baldwin County,Task Force Model,"Dec 10, 2025","Summerdale, AL 36580",1612
Milton Police Department,Municipality,FLORIDA,Santa Rosa County,Task Force Model,"Dec 10, 2025","Milton, FL 32570",11182
Ouachita Parish Sheriff's Office,County,LOUISIANA,Ouachita Parish,Task Force Model,"Dec 10, 2025","Monroe, LA 71201",157874
Calcasieu Parish Sheriff's Office,County,LOUISIANA,Calcasieu Parish,Warrant Service Officer,"Dec 10, 2025","Lake Charles, LA 70615",206861
Ste. Genevieve Police Department,Municipality,MISSOURI,Ste. Genevieve County,Task Force Model,"Dec 10, 2025","Ste. Genevieve, MO 63670",5025
Fayetteville Police Department,Municipality,OHIO,Brown County,Task Force Model,"Dec 10, 2025","Fayetteville, OH 45118",317
Cuero Police Department,Municipality,TEXAS,DeWitt County,Task Force Model,"Dec 10, 2025","Cuero, TX 77954",8215
Dimmit County Sheriff's Office,County,TEXAS,Dimmit County,Jail Enforcement Model,"Dec 10, 2025","Carrizo Springs, TX 78834",8181
Dimmit County Sheriff's Office,County,TEXAS,Dimmit County,Task Force Model,"Dec 10, 2025","Carrizo Springs, TX 78834",8181
Dimmit County Sheriff's Office,County,TEXAS,Dimmit County,Warrant Service Officer,"Dec 10, 2025","Carrizo Springs, TX 78834",8181
Refugio County Sheriff’s Office,County,TEXAS,Refugio County,Task Force Model,"Dec 10, 2025","Refugio, TX 78377",6739
Marlin Police Department,Municipality,TEXAS,Fall County,Task Force Model,"Dec 10, 2025","Marlin, TX 76661",5572
Henry County Sheriff's Office,County,ALABAMA,Henry County,Task Force Model,"Dec 11, 2025","Abbeville, AL 36310",18141
Lafayette Parish Sheriff's Office,County,LOUISIANA,Lafayette Parish,Task Force Model,"Dec 11, 2025","Lafayette, LA 70501",254241
Lafayette Parish Sheriff's Office,County,LOUISIANA,Lafayette Parish,Warrant Service Officer,"Dec 11, 2025","Lafayette, LA 70501",254241
Wright County Sheriff's Office,County,MISSOURI,Wright County,Jail Enforcement Model,"Dec 11, 2025","Hartville, MO 65667",19505
Wright County Sheriff's Office,County,MISSOURI,Wright County,Task Force Model,"Dec 11, 2025","Hartville, MO 65667",19505
Wright County Sheriff's Office,County,MISSOURI,Wright County,Warrant Service Officer,"Dec 11, 2025","Hartville, MO 65667",19505
Robbins Police Department,Municipality,NORTH CAROLINA,Moore County,Task Force Model,"Dec 11, 2025","Robbins, NC 27325",1270
Stowe Township Police Department,Municipality,PENNSYLVANIA,Allegheny County,Task Force Model,"Dec 11, 2025","McKees Rocks, PA 15136",null
Gaston Police Department,Municipality,SOUTH CAROLINA,Lexington County,Task Force Model,"Dec 11, 2025","Gaston, SC 29053",1641
Marion County Sheriff's Office,County,TEXAS,Marion County,Task Force Model,"Dec 11, 2025","Jefferson, TX 75657",9704
Stockdale Marshal's Office,Municipality,TEXAS,Wilson County,Task Force Model,"Dec 11, 2025","Stockdale, TX 78160",1488
Gurdon Police Department,Municipality,ARKANSAS,Clark County,Task Force Model,"Dec 12, 2025","Gurdon, AR 71743",1824
Gueydan Police Department,Municipality,LOUISIANA,Vermilion Parish,Task Force Model,"Dec 12, 2025","Gueydan, LA 70542",1124
Reynoldsville Borough Police Department,Municipality,PENNSYLVANIA,Jefferson County,Task Force Model,"Dec 12, 2025","Reynoldsville, PA 15851",2482
Cocke County Sheriff's Office,County,TENNESSEE,Cocke County,Warrant Service Officer,"Dec 12, 2025","Newport, TN 37821",37596
Bexar County Constable Precinct 3,Municipality,TEXAS,Bexar County,Task Force Model,"Dec 12, 2025","San Antonio, TX 78216",null
McLennan County Sheriff's Office,County,TEXAS,McLennan County,Task Force Model,"Dec 12, 2025","Waco, TX 76701",270358
Sherman County Sheriff's Office,County,TEXAS,Sherman County,Warrant Service Officer,"Dec 12, 2025","Stratford, TX 79084",2771
Cumby Police Department,Municipality,TEXAS,Hopkins County,Task Force Model,"Dec 12, 2025","Cumby, TX 75433",715
Upshur County Sheriff's Office,County,WEST VIRGINIA,Upshur County,Task Force Model,"Dec 12, 2025","Buckhannon, WV 26201",23650
Ward 5 Marshal's Office,Municipality,LOUISIANA,Allen Parish,Task Force Model,"Dec 15, 2025","Oakdale, LA 71463",null
Hardy County Sheriff's Office,County,WEST VIRGINIA,Hardy County,Task Force Model,"Dec 15, 2025","Moorefield, WV 26836",14335
Turner County Sheriff's Office,County,GEORGIA,Turner County,Jail Enforcement Model,"Dec 16, 2025","Ashburn, GA 31714",9023
Turner County Sheriff's Office,County,GEORGIA,Turner County,Task Force Model,"Dec 16, 2025","Ashburn, GA 31714",9023
Turner County Sheriff's Office,County,GEORGIA,Turner County,Warrant Service Officer,"Dec 16, 2025","Ashburn, GA 31714",9023
Ste. Genevieve County Sheriff's Office,County,MISSOURI,Ste. Genevieve County,Task Force Model,"Dec 16, 2025","Ste. Genevieve, MO 63670",18546
Ste. Genevieve County Sheriff's Office,County,MISSOURI,Ste. Genevieve County,Warrant Service Officer,"Dec 16, 2025","Ste. Genevieve, MO 63670",18546
Santee Police Department,Municipality,SOUTH CAROLINA,Orangeburg County,Task Force Model,"Dec 16, 2025","Santee, SC 29142",814
Kleberg County Attorney's Specialized Crimes & Narcotics Task Force,County,TEXAS,Kleberg County,Task Force Model,"Dec 16, 2025","Kingsville, Texas 78364",30442
Margaret Police Department,Municipality,ALABAMA,St. Clair County,Task Force Model,"Dec 17, 2025","Margaret, AL 35112",6654
Robertsdale Police Department,Municipality,ALABAMA,Baldwin County,Task Force Model,"Dec 17, 2025","Robertsdale, AL 36567",7613
Pope County Sheriff's Office,County,ARKANSAS,Pope County,Warrant Service Officer,"Dec 17, 2025","Russellville, AR 72802",64829
Houston Police Department,Municipality,MISSOURI,Texas County,Task Force Model,"Dec 17, 2025","Houston, MO 65483",2191
Alice Police Department,Municipality,TEXAS,Jim Wells County,Task Force Model,"Dec 17, 2025","Alice, TX 78332",17595
Ripley County Sheriff's Office,County,MISSOURI,Ripley County,Task Force Model,"Dec 18, 2025","Doniphan, MO 63935",10715
Pelion Police Department,Municipality,SOUTH CAROLINA,Lexington County,Task Force Model,"Dec 18, 2025","Pelion, SC 29123",623
Kleberg County Sheriff's Office,County,TEXAS,Kleberg County,Task Force Model,"Dec 18, 2025","Kingsville, TX 78363",30442
Jefferson Police Department,Municipality,TEXAS,Marion County,Task Force Model,"Dec 18, 2025","Jefferson, Texas 75657",1996
Wortham Police Department,Municipality,TEXAS,Freestone County,Task Force Model,"Dec 18, 2025","Wortham, TX 76693",1034
Oak Hill Police Department,Municipality,WEST VIRGINIA,Fayette County,Task Force Model,"Dec 18, 2025","Oak Hill, WV 25901",7732
Sauk County Sheriff's Office,County,WISCONSIN,Sauk County,Warrant Service Officer,"Dec 18, 2025","Baraboo, WI 53913",66486
Jackson Police Department,Municipality,ALABAMA,Clarke County,Task Force Model,"Jan 7, 2026","Jackson, AL 36545",4477
Loxley Police Department,Municipality,ALABAMA,Baldwin Couny,Task Force Model,"Jan 7, 2026","Loxley, AL 36551",5176
Calhoun County Sheriff's Office,County,ARKANSAS,Calhoun County,Task Force Model,"Jan 7, 2026","Hampton, AR 71744",4690
Calhoun County Sheriff's Office,County,ARKANSAS,Calhoun County,Warrant Service Officer,"Jan 7, 2026","Hampton, AR 71744",4690
Doral Police Department,Municipality,FLORIDA,Miami-Dade County,Task Force Model,"Jan 7, 2026","Doral, FL 33178",83625
Atkinson County Sheriff's Office,County,GEORGIA,Atkinson County,Task Force Model,"Jan 7, 2026","Pearson, GA 31642",8435
Grady County Sheriff's Office,County,GEORGIA,Grady County,Jail Enforcement Model,"Jan 7, 2026","Cairo, GA 39828",26271
Grady County Sheriff's Office,County,GEORGIA,Grady County,Warrant Service Officer,"Jan 7, 2026","Cairo, GA 39828",26271
Marietta Police Department,Municipality,GEORGIA,Cobb County,Task Force Model,"Jan 7, 2026","Marietta, GA 30060",63122
Cadiz Police Department,Municipality,INDIANA,Henry County,Task Force Model,"Jan 7, 2026","Cadiz, IN 47362",161
Laurel County Sheriff's Office,County,KENTUCKY,Laurel County,Task Force Model,"Jan 7, 2026","London, KY 40741",63353
Hickman Police Department,Municipality,KENTUCKY,Fulton County,Task Force Model,"Jan 7, 2026","Hickman, KY 42050",2282
Winchester Police Department,Municipality,KENTUCKY,Clark County,Task Force Model,"Jan 7, 2026","Winchester, KY 40391",19413
Mansfield Police Department,Municipality,MISSOURI,Wright County,Task Force Model,"Jan 7, 2026","Mansfield, MO 65704",1298
Merriam Woods Police Department,Municipality,MISSOURI,Taney County,Task Force Model,"Jan 7, 2026","Merriam Woods, MO 65740",2042
Seymour Police Department,Municipality,MISSOURI,Webster County,Task Force Model,"Jan 7, 2026","Seymour, MO 65746",1934
Willow Springs Police Department,Municipality,MISSOURI,Howell County,Task Force Model,"Jan 7, 2026","Willow Springs, MO 65793",2219
Auburn Police Department,Municipality,NEW HAMPSHIRE,Rockingham County,Task Force Model,"Jan 7, 2026","Auburn, NH 03032",null
Allegany Village Police Department,Municipality,NEW YORK,Cattaraugus County,Task Force Model,"Jan 7, 2026","Allegany, NY 14706",1608
Achille Police Department,Municipality,OKLAHOMA,Bryan County,Task Force Model,"Jan 7, 2026","Achille, OK 74720",429
Hobart Police Department,Municipality,OKLAHOMA,Kiowa County,Task Force Model,"Jan 7, 2026","Hobart, OK 73651",3300
East Franklin Township Police Department,Municipality,PENNSYLVANIA,Adams County,Task Force Model,"Jan 7, 2026","Kittanning, PA 16201",null
Elloree Police Department,Municipality,SOUTH CAROLINA,Orangeburg County,Task Force Model,"Jan 7, 2026","Elloree, SC 29047",548
Estill Springs Police Department,Municipality,TENNESSEE,Franklin County,Task Force Model,"Jan 7, 2026","Estill Springs, TN 37330",2698
Grundy County Constable District 3,Municipality,TENNESSEE,Grundy County,Task Force Model,"Jan 7, 2026","Altamont, TN 37301",null
Polk County Constable District 2,Municipality,TENNESSEE,Polk County,Task Force Model,"Jan 7, 2026","Benton, TN 37307",null
Cherokee County Sheriff's Office,County,TEXAS,Cherokee County,Task Force Model,"Jan 7, 2026","Rusk, TX 75785",53223
Bee County Sheriff's Office,County,TEXAS,Bee County,Task Force Model,"Jan 7, 2026","Beeville, TX 78102",31226
Balcones Heights Police Department,Municipality,TEXAS,Bexar County,Task Force Model,"Jan 7, 2026","Balcones Heights, TX 78201",2707
"Tenaha Police Department ",Municipality,TEXAS,Shelby County,Task Force Model,"Jan 7, 2026",null,1002
Fayette County Sheriff's Office,County,WEST VIRGINIA,Fayette County,Task Force Model,"Jan 7, 2026","Fayetteville, WV 25840",38600
Nicholas County Sheriff's Office,County,WEST VIRGINIA,Nicholas County,Task Force Model,"Jan 7, 2026","Summersville, WV 26651",24017
Fayetteville Police Department,Municipality,WEST VIRGINIA,Fayette County,Task Force Model,"Jan 7, 2026","Fayetteville, WV 25840",2753
Kenosha County Sheriff's Office,County,WISCONSIN,Kenosha County,Jail Enforcement Model,"Jan 7, 2026","Kenosha, WI 53140",168754
Crook County Sheriff's Office,County,WYOMING,Crook County,Task Force Model,"Jan 7, 2026","Sundance, WY 82729",7775
Crook County Sheriff's Office,County,WYOMING,Crook County,Warrant Service Officer,"Jan 7, 2026","Sundance, WY 82729",7775
Southside Police Department,Municipality,ALABAMA,Etowah County,Task Force Model,"Jan 8, 2026","Gadsden, AL 35907",9633
Tuckerman Police Department,Municipality,ARKANSAS,Jackson County,Task Force Model,"Jan 8, 2026","Tuckerman, AR 72473",1664
Kittanning Borough Police Department,Municipality,PENNSYLVANIA,Armstrong County,Task Force Model,"Jan 8, 2026","Kittanning, PA 16201",3920
Bullard Police Department,Municipality,TEXAS,Smith County,Task Force Model,"Jan 8, 2026","Bullard, TX 75757",5070
Refugio Police Department,Municipality,TEXAS,Refugio County,Task Force Model,"Jan 8, 2026","Refugio, TX 78377",2788
Blount County Sheriff's Office,County,ALABAMA,Blount County,Task Force Model,"Jan 26, 2026","Oneonta, AL 35121",60163
Demopolis Police Department,Municipality,ALABAMA,Marengo County,Task Force Model,"Jan 26, 2026","Demopolis, AL 36732",6724
Jacksons' Gap Police Department,Municipality,ALABAMA,Tallapoosa County,Task Force Model,"Jan 26, 2026","Jackson's Gap, AL 36861",749
Jackson County Sheriff's Office,County,ARKANSAS,Jackson County,Task Force Model,"Jan 26, 2026","Newport, AR 72112",16673
Lake Helen Police Department,Municipality,FLORIDA,Volusia County,Task Force Model,"Jan 26, 2026","Lake Helen, FL 32744",2988
Gilmer County Sheriff's Office,County,GEORGIA,Gilmer County,Warrant Service Officer,"Jan 26, 2026","Ellijay, Georgia 30540",33327
Odum Police Department,Municipality,GEORGIA,Wayne County,Task Force Model,"Jan 26, 2026","Odum, GA 31555",495
McCracken County Sheriff's Office,County,KENTUCKY,McCracken County,Task Force Model,"Jan 26, 2026","Paducah, KY 42003",67550
Pendleton County Sheriff's Office,County,KENTUCKY,Pendleton County,Task Force Model,"Jan 26, 2026","Falmouth, KY 41040",14844
Isle Police Department,Municipality,MINNESOTA,Mille Lacs County,Task Force Model,"Jan 26, 2026","Isle, MN 56342",827
Wayne County Sheriff's Department,County,MISSISSIPPI,Wayne County,Task Force Model,"Jan 26, 2026","Waynesboro, MS 39367",19749
Grundy County Sheriff's Office,County,MISSOURI,Grundy County,Task Force Model,"Jan 26, 2026","Trenton, MO 64683",9766
Jefferson County Sheriff's Office,County,MISSOURI,Jefferson County,Task Force Model,"Jan 26, 2026","Hillsboro, MO 63050",231888
New Madrid County Sheriff's Office,County,MISSOURI,New Madrid County,Task Force Model,"Jan 26, 2026","New Madrid, MO 63869",15212
Pineville Police Department,Municipality,MISSOURI,McDonald County,Task Force Model,"Jan 26, 2026","Pineville, MO 64856",843
Reeds Spring Police Department,Municipality,MISSOURI,Stone County,Task Force Model,"Jan 26, 2026","Reeds Spring, MO 65737",1224
Washington County Sheriff's Office,County,MISSOURI,Washington County,Task Force Model,"Jan 26, 2026","Potosi, MO 63664",23583
Epping Police Department,Municipality,NEW HAMPSHIRE,Rockingham County,Task Force Model,"Jan 26, 2026","Epping, NH 03042",null
CNMI Department of Corrections,State,NORTHERN MARIANA ISLANDS,#NA,Jail Enforcement Model,"Jan 26, 2026","Susupe, Saipan 96950",null
CNMI Department of Public Safety,State,NORTHERN MARIANA ISLANDS,#NA,Task Force Model,"Jan 26, 2026","Susupe, Saipan 96950",null
Russellville Police Department,Municipality,OHIO,Brown County,Task Force Model,"Jan 26, 2026","Russellville, OH 45168",548
Bessemer Borough Police Department,Municipality,PENNSYLVANIA,Lawrence County,Task Force Model,"Jan 26, 2026","Bessemer, PA 16112",null
Bradford Police Department,Municipality,PENNSYLVANIA,McKean County,Task Force Model,"Jan 26, 2026","Bradford, PA 16701",7538
Lewistown Borough Constable's Office,Municipality,PENNSYLVANIA,Miffin County,Task Force Model,"Jan 26, 2026","Lewistown, PA 17044",null
Schuylkill County Sheriff's Office,County,PENNSYLVANIA,Schuylkill County< PA,Task Force Model,"Jan 26, 2026","Pottsville, PA 17901",null
Clinton Police Department,Municipality,SOUTH CAROLINA,Laurens County,Task Force Model,"Jan 26, 2026","Clinton, SC 29325",7852
Centerville Police Department,Municipality,SOUTH DAKOTA,Turner County,Task Force Model,"Jan 26, 2026","Centerville, SD 57014",958
Meigs County Sheriff's Office,County,TENNESSEE,Meigs County,Warrant Service Officer,"Jan 26, 2026","Decatur, TN 37322",13937
Sequatchie County Sheriff's Office,County,TENNESSEE,Sequatchie County,Warrant Service Officer,"Jan 26, 2026","Dunlap, TN 37327",17620
Weakley County Sheriff's Office,County,TENNESSEE,Weakley County,Warrant Service Officer,"Jan 26, 2026","Dresden, TN 38225",33162
Wilson County Sheriff's Office,County,TENNESSEE,Wilson County,Warrant Service Officer,"Jan 26, 2026","Lebanon, TN 37087",169948
Armstrong County Sheriff's Office,County,TEXAS,Armstrong County,Task Force Model,"Jan 26, 2026","Claude, TX 79019",1809
Brewster County Sheriff's Office,County,TEXAS,Brewster County,Warrant Service Officer,"Jan 26, 2026","Alpine, TX 79830",9508
Cameron County Sheriff's Office,County,TEXAS,Cameron County,Warrant Service Officer,"Jan 26, 2026","Olmito, TX 78575",431874
Cass County Sheriff's Office,County,TEXAS,Cass County,Jail Enforcement Model,"Jan 26, 2026","Linden, TX 75563",28622
Collin County Sheriff's Office,County,TEXAS,Collin County,Jail Enforcement Model,"Jan 26, 2026","McKinney, TX 75071",1254658
Denton County Sheriff's Office,County,TEXAS,Denton County,Task Force Model,"Jan 26, 2026","Denton, TX 76208",1045120
East Mountain Police Department,Municipality,TEXAS,Upshur County,Task Force Model,"Jan 26, 2026","Gilmer, TX 75645",964
Fannin County Criminal District Attorney's Office,County,TEXAS,Fannin County,Task Force Model,"Jan 26, 2026","Bonham, TX 75418",38650
Fannin County Sheriff's Office,County,TEXAS,Fannin County,Task Force Model,"Jan 26, 2026","Bonham, TX 75418",38650
Freestone County Constable Precinct 3,County,TEXAS,Freestone County,Task Force Model,"Jan 26, 2026","Teague, TX 75860",20645
Hallettsville Police Department,Municipality,TEXAS,Lavaca County,Task Force Model,"Jan 26, 2026","Hallettsville, TX 77964",2745
Haskell Police Department,Municipality,TEXAS,Haskell County,Task Force Model,"Jan 26, 2026","Haskell, TX 79521",3067
Hollywood Park Police Department,Municipality,TEXAS,Bexar County,Task Force Model,"Jan 26, 2026","San Antonio, TX 78232",3128
Hopkins County Sheriff's Office,County,TEXAS,Hopkins County,Task Force Model,"Jan 26, 2026","Sulphur Springs, TX 75482",38784
Kaufman County Sheriff's Office,County,TEXAS,Kaufman County,Jail Enforcement Model,"Jan 26, 2026","Kaufman, TX 75142",197829
Kingsville Police Department,Municipality,TEXAS,Kleberg County,Task Force Model,"Jan 26, 2026","Kingsville, TX 78363",24884
Limestone County Sheriff's Office,County,TEXAS,Limestone County,Warrant Service Officer,"Jan 26, 2026","Groesbeck, TX 76642",22569
Nueces County Constable Precinct 4,County,TEXAS,Nueces County,Task Force Model,"Jan 26, 2026","Port Aransas, TX 78373",353125
San Augustine County Sheriff's Office,County,TEXAS,San Augustine County,Task Force Model,"Jan 26, 2026","San Augustine, TX 75972",7767
Stamford Police Department,County,TEXAS,Jones County,Task Force Model,"Jan 26, 2026","Stamford, TX 79553",20850
Val Verde County Sheriff's Office,County,TEXAS,Val Verde County,Warrant Service Officer,"Jan 26, 2026","Del Rio, TX 78840",47999
Young County Sheriff's Office,County,TEXAS,Young County,Task Force Model,"Jan 26, 2026","Graham, TX 76450",18236
Hinton Police Department,Municipality,WEST VIRGINIA,Summers County,Task Force Model,"Jan 26, 2026","Hinton, WV 25951",2159
Hurricane Police Department,Municipality,WEST VIRGINIA,Putnam County,Task Force Model,"Jan 26, 2026","Hurricane, WV 25526",6813
Lewis County Sheriff's Office,County,WEST VIRGINIA,Lewis County,Task Force Model,"Jan 26, 2026","Weston, WV 26452",16477
McDowell County Sheriff's Office,County,WEST VIRGINIA,McDowell County,Task Force Model,"Jan 26, 2026","Welch, WV 24801",17147
Richwood Police Department,Municipality,WEST VIRGINIA,Nicholas County,Task Force Model,"Jan 26, 2026","Richwood, WV 26261",1607
Clarke County Sheriff's Office,County,ALABAMA,Clarke County,Task Force Model,"Jan 30, 2026","Grove Hill, AL 36451",22142
Wayne County Sheriff's Office,County,GEORGIA,Wayne County,Task Force Model,"Jan 30, 2026","Jesup, GA 31546",32132
Falmouth Police Department,Municipality,KENTUCKY,Pendleton County,Task Force Model,"Jan 30, 2026","Falmouth, KY 41040",2206
Greene Washington Regional Police Department,Municipality,PENNSYLVANIA,Greene County,Task Force Model,"Jan 30, 2026","Graysville, PA 15337",null
Hood County Sheriff's Office,County,TEXAS,Hood County,Task Force Model,"Jan 30, 2026","Granbury, TX 76048",69126
Liberty County Sheriff's Office,County,TEXAS,Liberty County,Warrant Service Officer,"Jan 30, 2026","Liberty, TX 77575",115042
McMullen County Sheriff's Office,County,TEXAS,McMullen County,Task Force Model,"Jan 30, 2026","Tilden, TX 78072",565
Real County Sheriff's Office,County,TEXAS,Real County,Warrant Service Officer,"Jan 30, 2026","Leakey, TX 78873",2772
Moorefield Police Department,Municipality,WEST VIRGINIA,Hardy County,Task Force Model,"Jan 30, 2026","Moorefield, WV 26836",2679
Cherokee County Sheriff's Office,County,ALABAMA,Cherokee County,Task Force Model,"Feb 10, 2026","Centre, AL 35960",26138
Littleville Police Department,Municipality,ALABAMA,Colbert County,Task Force Model,"Feb 10, 2026","Littleville, AL 35632",1054
Arkansas Division of Law Enforcement Standards and Training,State,ARKANSAS,Pulaski County,Task Force Model,"Feb 10, 2026","Little Rock, AR 72209",3088354
Black Rock Police Department,Municipality,ARKANSAS,Lawrence County,Task Force Model,"Feb 10, 2026","Black Rock, AR 72415",630
University of South Florida Police Department,Municipality,FLORIDA,Hillsborough County,Task Force Model,"Feb 10, 2026","Tampa, FL 33620",null
Pearson Police Department,Municipality,GEORGIA,Atkinson County,Task Force Model,"Feb 10, 2026","Pearson, GA 31642",1898
Stinesville Police Department,Municipality,INDIANA,Monroe County,Task Force Model,"Feb 10, 2026","Stinesville, IN 47464",202
Caney Police Department,Municipality,KANSAS,Montgomery County,Task Force Model,"Feb 10, 2026","Caney, KS 67333",1726
Pottawatomie County Sheriff's Office,County,KANSAS,Pottawatomie County,Warrant Service Officer,"Feb 10, 2026","Westmoreland, KS 66549",26876
Carthage Police Department,Municipality,MISSISSIPPI,Leake County,Task Force Model,"Feb 10, 2026","Carthage, MS 39051",4855
Neshoba County Sheriff's Office,County,MISSISSIPPI,Neshoba County,Task Force Model,"Feb 10, 2026","Philadelphia, MS 39350",28973
Newton County Sheriff's Department,County,MISSISSIPPI,Newton County,Task Force Model,"Feb 10, 2026","Decatur, MS 39327",21063
Pearl Police Department,Municipality,MISSISSIPPI,Rankin County,Task Force Model,"Feb 10, 2026","Pearl, MS 39208",28458
Union Police Department,Municipality,MISSISSIPPI,Newton County,Task Force Model,"Feb 10, 2026","Union, MS 39365",2003
Lincoln County Sheriff's Office,County,MISSOURI,Lincoln County,Task Force Model,"Feb 10, 2026","Troy, MO 63379",65888
Bokchito Police Department,Municipality,OKLAHOMA,Bryant County,Task Force Model,"Feb 10, 2026","Bokchito, OK 74726",612
McIntosh County Sheriff's Office,County,OKLAHOMA,McIntosh County,Task Force Model,"Feb 10, 2026","Eufaula, OK 74432",19710
Stratford Police Department,Municipality,OKLAHOMA,Garvin County,Task Force Model,"Feb 10, 2026","Stratford, OK 74872",1427
Lebanon County District Attorney's Office,County,PENNSYLVANIA,Lebanon County,Task Force Model,"Feb 10, 2026","Lebanon, PA 17042",145319
"Lebanon County Regional Police Department ",Municipality,PENNSYLVANIA,Lebanon County,Task Force Model,"Feb 10, 2026","Lebanon, PA 17046",null
"Lebanon County Sheriff's Office ",County,PENNSYLVANIA,Lebanon County,Task Force Model,"Feb 10, 2026","Lebanon, PA 17042",145319
Mahanoy City Borough Police Department,Municipality,PENNSYLVANIA,Schuylkill County,Task Force Model,"Feb 10, 2026","Mahanoy City, PA 17948",3535
South Lebanon Township Police Department,Municipality,PENNSYLVANIA,Lebanon County,Task Force Model,"Feb 10, 2026","Lebanon, PA 17042",null
Gonzales County Sheriff's Office,County,TEXAS,Gonzales County,Task Force Model,"Feb 10, 2026","Gonzales, TX 78629",20040
Caldwell County Constable Precinct 2,County,TEXAS,Caldwell County,Task Force Model,"Feb 10, 2026","Luling, TX 78648",52430
"Cass County Sheriff's Office ",County,TEXAS,Cass County,Task Force Model,"Feb 10, 2026","Linden, Texas 75563",28622
Gonzales County Sheriff's Office,County,TEXAS,Gonzales County,Jail Enforcement Model,"Feb 10, 2026","Gonzales, TX 78629",20040
Kenedy County Sheriff's Office,County,TEXAS,Kenedy County,Task Force Model,"Feb 10, 2026","Sarita, TX 78385",330
"Menard County Sheriff's Office ",County,TEXAS,Menard County,Warrant Service Officer,"Feb 10, 2026","Menard, TX 76859",1911
Orange Grove Police Department,Municipality,TEXAS,Jim Wells County,Task Force Model,"Feb 10, 2026","Orange Grove, TX 78372",1182
Saint Hedwig Marshal's Office,Municipality,TEXAS,Bexar County,Task Force Model,"Feb 10, 2026","Saint Hedwig, TX 78152",2377
"Tom Green County Sheriff's Office ",County,TEXAS,Tom Green County,Warrant Service Officer,"Feb 10, 2026","San Angelo, TX 76903",120103
Upshur County Constable Precinct 1,County,TEXAS,Upshur County,Task Force Model,"Feb 10, 2026","Gilmer, TX 75644",44050
Pleasants County Sheriff's Office,County,WEST VIRGINIA,Pleasants County,Task Force Model,"Feb 10, 2026","St. Marys, WV 26170",7358
White Sulphur Springs Police Department,Municipality,WEST VIRGINIA,Greenbrier County,Task Force Model,"Feb 10, 2026","White Sulphur Springs, WV 24986",2154
Dunn County Sheriff's Office,County,WISCONSIN,Dunn County,Warrant Service Officer,"Feb 10, 2026","Menomonie, WI 54751",46135
"Sauk County Sheriff's Office ",County,WISCONSIN,Sauk County,Jail Enforcement Model,"Feb 10, 2026","Baraboo, WI 53913",66486
Cherokee Police Department,Municipality,ALABAMA,Cherokee County,Task Force Model,"Feb 14, 2026","Cherokee, AL 35616",967
Department of Public Safety-Crime Information Center,State,ARKANSAS,Pulaski County,Task Force Model,"Feb 14, 2026","Little Rock, AR 72201",3088354
Appling County Sheriff's Office,County,GEORGIA,Appling County,Task Force Model,"Feb 14, 2026","Baxley, GA 31513",18669
Hawk Point Police Department,Municipality,MISSOURI,Lincoln County,Task Force Model,"Feb 14, 2026","Hawk Point, MO 63349",761
Wheaton Police Department,Municipality,MISSOURI,Barry County,Task Force Model,"Feb 14, 2026","Wheaton, MO 64874",683
Milford Borough Police Department,Municipality,PENNSYLVANIA,Pike County,Task Force Model,"Feb 14, 2026","Milford, PA 18337",1144
Mount Holly Springs Borough Police Department,Municipality,PENNSYLVANIA,Cumberland County,Task Force Model,"Feb 14, 2026","Mount Holly Springs, PA 17065",2024
Delta County Sheriff's Office,County,TEXAS,Delta County,Task Force Model,"Feb 14, 2026","Cooper, TX 75432",5647
Edwards County Sheriff's Office,County,TEXAS,Edwards County,Task Force Model,"Feb 14, 2026","Rocksprings, TX 78880",1383
Montague County Sheriff's Office,County,TEXAS,Montague County,Warrant Service Officer,"Feb 14, 2026","Montague, TX 76251",21890
Fort Gay Police Department,Municipality,WEST VIRGINIA,Wayne County,Task Force Model,"Feb 14, 2026","Fort Gay, WV 25514",656
Montgomery Police Department,Municipality,WEST VIRGINIA,Fayette County,Task Force Model,"Feb 14, 2026","Montgomery, WV 25136",1198
Louisville Police Department,Municipality,MISSISSIPPI,Winston County,Task Force Model,"Feb 17, 2026","Louisville, MS 39339",5899
Perryville Police Department,Municipality,MISSOURI,Perry County,Task Force Model,"Feb 17, 2026","Perryville, MO 63775",8554
Roland Police Department,Municipality,OKLAHOMA,Sequoyah County,Task Force Model,"Feb 17, 2026","Roland, OK 74954",4021
Mahanoy Township Police Department,Municipality,PENNSYLVANIA,Schuylkill County,Task Force Model,"Feb 17, 2026","Mahanoy City, PA 17948",null
Franklin County Sheriff's Office,County,TEXAS,Franklin County,Task Force Model,"Feb 17, 2026","Mount Vernon, TX 75457",10912
Liberty County Constable Precinct 6,Municipality,TEXAS,Liberty County,Task Force Model,"Feb 17, 2026","Liberty, TX 77575",8974
Oldham County Sheriff's Office,County,TEXAS,Oldham County,Task Force Model,"Feb 17, 2026","Vega, TX 79092",1823
"Tye Police Department ",Municipality,TEXAS,Galveston County,Task Force Model,"Feb 17, 2026","Tye, TX 79563",1241
Clay County Sheriff's Office,County,WEST VIRGINIA,Clay County,Task Force Model,"Feb 17, 2026","Clay, WV 25043",7689
Paw Paw Police Department,Municipality,WEST VIRGINIA,Morgan County,Task Force Model,"Feb 17, 2026","Paw Paw, WV 25434",410
Green Lake County Sheriff's Office,County,WISCONSIN,Green Lake County,Warrant Service Officer,"Feb 17, 2026","Green Lake, WI 54941",19370
Walworth County Sheriff's Office,County,WISCONSIN,Walworth County,Warrant Service Officer,"Feb 17, 2026","Elkhorn, WI 53121",106029
Florida State University Police Department,Municipality,FLORIDA,Leon County,Task Force Model,"Feb 18, 2026","Tallahassee, FL 32306",null
Lake Hamilton Police Department,Municipality,FLORIDA,Polk County,Task Force Model,"Feb 18, 2026","Lake Hamilton, FL 33851",2126
Hendricks County Prosecutor's Office,County,INDIANA,Hendricks County,Task Force Model,"Feb 18, 2026","Danville, IN 46122",190629
Rowan County Sheriff's Office,County,KENTUCKY,Rowan County,Task Force Model,"Feb 18, 2026","Morehead, KY 40351",24675
Branson Police Department,Municipality,MISSOURI,Taney County,Task Force Model,"Feb 18, 2026","Buffalo, MO 65622",12869
Dallas County Sheriff's Office,County,MISSOURI,Dallas County,Task Force Model,"Feb 18, 2026","Buffalo, MO 65622",17877
"Ellington Police Department ",Municipality,MISSOURI,Reynolds County,Task Force Model,"Feb 18, 2026","Ellington, MO 63638",766
Seligman Police Department,Municipality,MISSOURI,Barry County,Task Force Model,"Feb 18, 2026","Seligman, MO 65745",917
Woodson Terrace Police Department,Municipality,MISSOURI,St. Louis County,Task Force Model,"Feb 18, 2026","Woodson Terrace, MO 63134",3888
Shohola Township Constable's Office,Municipality,PENNSYLVANIA,"Pike County ",Task Force Model,"Feb 18, 2026","Shohola, PA 18458",null
North Police Department,Municipality,SOUTH CAROLINA,Orangeburg County,Task Force Model,"Feb 18, 2026","North, SC 29112",677
Bedford County Sheriff's Office,County,TENNESSEE,Bedford County,Warrant Service Officer,"Feb 18, 2026","Shelbyville, TN 37160",54228
Shinnston Police Department,Municipality,WEST VIRGINIA,"Harrison County ",Task Force Model,"Feb 18, 2026","Shinnston, WV 26431",2258
Bacon County Sheriff's Office,County,GEORGIA,Bacon County,Task Force Model,"Feb 20, 2026","Alma, GA 31510",11045
Archer County Sheriff's Office,County,TEXAS,Archer County,Task Force Model,"Feb 20, 2026","Archer City, TX 76351",9155
Florala Police Department,Municipality,ALABAMA,Covington County,Task Force Model,"Feb 23, 2026","Florala, AL 36442",1930
Arkansas Department of Public Safety,State,ARKANSAS,Pulaski County,Task Force Model,"Feb 23, 2026","Little Rock, AR 72209",3088354
Chidester Police Department,Municipality,ARKANSAS,Ouachita County,Task Force Model,"Feb 23, 2026","Chidester, AR 71726",240
Carroll County Sheriff's Office,County,KENTUCKY,Carroll County,Task Force Model,"Feb 23, 2026","Carrollton, KY 41008",11111
Carroll County Sheriff's Office,County,KENTUCKY,Carroll County,Warrant Service Officer,"Feb 23, 2026","Carrollton, KY 41008",11111
Leake County Sheriff's Office,County,MISSISSIPPI,Leake County,Task Force Model,"Feb 23, 2026","Carthage, MS 39051",21462
Wiggins Police Department,Municipality,MISSISSIPPI,Stone County,Task Force Model,"Feb 23, 2026","Wiggins, MS 39577",4350
Elsberry Police Department,Municipality,MISSOURI,"Lincoln County ",Task Force Model,"Feb 23, 2026","Elsberry, MO 63343",2084
"Saint Ann Police Department ",Municipality,MISSOURI,St. Louis County,Task Force Model,"Feb 23, 2026","Saint Ann, MO 63074",null
Stoddard County Sheriff's Office,County,MISSOURI,Stoddard County,Task Force Model,"Feb 23, 2026","Bloomfield, MO 63824",28438
Aberdeen Police Department,Municipality,OHIO,Brown County,Task Force Model,"Feb 23, 2026","Aberdeen, OH 45101",1542
"Ottawa County Sheriff's Office ",County,OKLAHOMA,Ottawa County,Task Force Model,"Feb 23, 2026","Miami, OK 74354",30404
Cornwall Borough Police Department,Municipality,PENNSYLVANIA,"Lebanon County ",Task Force Model,"Feb 23, 2026","Cornwall, PA 17016",null
Harleyville Police Department,Municipality,SOUTH CAROLINA,Dorchester County,Task Force Model,"Feb 23, 2026","Harleyville, SC 29448",740
Ridgeway Police Department,Municipality,SOUTH CAROLINA,Fairfield County,Task Force Model,"Feb 23, 2026","Ridgeway, SC 29130",255
Obion County Sheriff's Office,County,TENNESSEE,Obion County,Warrant Service Officer,"Feb 23, 2026","Union City, TN 38261",30261
Overton County Sheriff's Office,County,TENNESSEE,Overton County,Warrant Service Officer,"Feb 23, 2026","Livingston, TN 38570",23551
Bayou Vista Police Department,Municipality,TEXAS,Galveston County,Task Force Model,"Feb 23, 2026","Bayou Vista, TX 77563",1763
Blanco County Sheriff's Office,County,TEXAS,Blanco County,Jail Enforcement Model,"Feb 23, 2026","Johnson City, TX 78636",13358
Gillespie County Sheriff's Office,County,TEXAS,Gillespie County,Task Force Model,"Feb 23, 2026","Fredericksburg, TX 78624",28159
La Vernia Police Department,Municipality,TEXAS,Wilson County,Task Force Model,"Feb 23, 2026","La Vernia, TX 78121",1483
"Nacogdoches County Sheriff's Office ",County,TEXAS,Nacogdoches County,Task Force Model,"Feb 23, 2026","Nacogdoches, TX 75961",65728
Kenova Police Department,Municipality,WEST VIRGINIA,Wayne County,Task Force Model,"Feb 23, 2026","Kenova, WV 25530",2877
Thomasville Police Department,Municipality,ALABAMA,"Clarke County ",Task Force Model,"Feb 25, 2026","Thomasville, GA 31792",3540
Thomas County Sheriff's Office,County,GEORGIA,Thomas County,Jail Enforcement Model,"Feb 25, 2026","Thomasville, GA 31792",46054
Thomas County Sheriff's Office,County,GEORGIA,Thomas County,Task Force Model,"Feb 25, 2026","Thomasville, GA 31792",46054
Thomas County Sheriff's Office,County,GEORGIA,Thomas County,Warrant Service Officer,"Feb 25, 2026","Thomasville, GA 31792",46054
Tate County Sheriff's Office,County,MISSISSIPPI,Tate County,Task Force Model,"Feb 25, 2026","Senatobia, MS 38668",28551
Tate County Sheriff's Office,County,MISSISSIPPI,Tate County,Warrant Service Officer,"Feb 25, 2026","Senatobia, MS 38668",28551
Hillsdale Police Department,Municipality,MISSOURI,St. Louis County,Task Force Model,"Feb 25, 2026","Hillsdale, MO 63121",1185
Reynolds County Sheriff's Office,County,MISSOURI,Reynolds County,Task Force Model,"Feb 25, 2026","Centerville, MO 63633",5927
Okmulgee County Sheriff's Office,County,OKLAHOMA,Okmulgee County,Task Force Model,"Feb 25, 2026","Okmulgee, OK 74447",37084
Raccoon Township Police Department,Municipality,PENNSYLVANIA,Beaver County,Task Force Model,"Feb 25, 2026","Aliquippa, PA 15001",null
Shenandoah Borough Police Department,Municipality,PENNSYLVANIA,"
Schuylkill County",Task Force Model,"Feb 25, 2026","Shenandoah, PA 17976",null
"Grimes County Sheriff's Office ",County,TEXAS,Grimes County,Warrant Service Officer,"Feb 25, 2026","Anderson, TX 77830",33448
Huntington Police Department,Municipality,TEXAS,Angelina County,Task Force Model,"Feb 25, 2026","Huntington, TX 75949",2117
Leonard Police Department,Municipality,TEXAS,Fannin County,Task Force Model,"Feb 25, 2026","Leonard, TX 75452",2203
Doddridge County Sheriff's Office,County,WEST VIRGINIA,Doddridge County,Task Force Model,"Feb 25, 2026","West Union, WV 26456",7615
Franklin County Sheriff's Office,County,ARKANSAS,Franklin County,Task Force Model,"Feb 27, 2026","Charleston, AR 72933",17586
Franklin County Sheriff's Office,County,ARKANSAS,Franklin County,Warrant Service Officer,"Feb 27, 2026","Charleston, AR 72933",17586
Hempstead County Sheriff's Office,County,ARKANSAS,Hempstead County,Task Force Model,"Feb 27, 2026","Hope, AR 71801",19105
Hempstead County Sheriff's Office,County,ARKANSAS,Hempstead County,Warrant Service Officer,"Feb 27, 2026","Hope, AR 71801",19105
Statesboro Police Department,Municipality,GEORGIA,Bulloch County,Task Force Model,"Feb 27, 2026","Statesboro, GA 30458",35226
Pleasantville Police Department,Municipality,OHIO,Fairfield County,Task Force Model,"Feb 27, 2026","Pleasantville, OH 43148",954
Bennington Police Department,Municipality,OKLAHOMA,"Bryan County ",Task Force Model,"Feb 27, 2026","Bennington, OK 74723",322
Ansted Police Department,Municipality,WEST VIRGINIA,Fayette County,Task Force Model,"Feb 27, 2026","Ansted, WV 25812",1288
Winfield Police Department,Municipality,MISSOURI,Lincoln County,Task Force Model,"Mar 1, 2026","Winfield, MO 63389",1637
Franklin Township Police Department,Municipality,PENNSYLVANIA,Beaver County,Task Force Model,"Mar 1, 2026","Fombell, PA 16123",null
Devine Police Department,Municipality,TEXAS,Medina County,Task Force Model,"Mar 1, 2026","Devine, TX 78016",4622
Country Club Hills Police Department,Municipality,MISSOURI,St. Louis County,Task Force Model,"Mar 2, 2026","Country Club Hills, MO 63136",998
Newton County Sheriff's Department,County,MISSISSIPPI,Newton County,Jail Enforcement Model,"Mar 3, 2026","Decatur, MS 39327",21063
Dixon Police Department,Municipality,MISSOURI,Pulaski County,Task Force Model,"Mar 3, 2026","Dixon, MO 65459",1215
Hazard Police Department,Municipality,KENTUCKY,Perry County,Task Force Model,"Mar 6, 2026","Hazard, KY 41701",4808
Rockcastle County Sheriff's Office,County,KENTUCKY,Rockcastle County,Task Force Model,"Mar 6, 2026","Mt Vernon, KY 40456",16226
Breckenridge Hills Police Department,Municipality,MISSOURI,St. Louis County,Task Force Model,"Mar 6, 2026","Overland, MO 63114",4369
Chelsea Police Department,Municipality,OKLAHOMA,Rogers County,Task Force Model,"Mar 6, 2026","Chelsea, OK 74016",1986
Orange Township Police Department,Municipality,PENNSYLVANIA,Columbia County,Task Force Model,"Mar 6, 2026","Orangeville, PA 17859",null
Sevier County Constable District 5,Municipality,TENNESSEE,Sevier County,Task Force Model,"Mar 6, 2026","Sevierville, Tennessee 37862",null
Marion Police Department,Municipality,TEXAS,Guadalupe County,Task Force Model,"Mar 6, 2026","Marion, TX 78124",1098
Atkinson County Sheriff's Office,County,GEORGIA,Atkinson County,Jail Enforcement Model,"Mar 8, 2026","Pearson, GA 31642",8435
Middlesboro Police Department,Municipality,KENTUCKY,Bell County,Task Force Model,"Mar 8, 2026","Middlesboro, KY 40965",8899
Stringtown Police Department,Municipality,OKLAHOMA,Atoka County,Task Force Model,"Mar 8, 2026","Stringtown, OK, 74569",433
Jasper County Sheriff's Office,County,SOUTH CAROLINA,Jasper County,Task Force Model,"Mar 8, 2026","Ridgeland, SC 29936",35618
Baylor County Sheriff's Office,County,TEXAS,Baylor County,Task Force Model,"Mar 8, 2026","Seymour, TX 76380",3533
Johnson County District Attorney's Office,State,TEXAS,Johnson County,Task Force Model,"Mar 8, 2026","Cleburne, Texas 76033",31290831
Lone Star Police Department,Municipality,TEXAS,Morris County,Task Force Model,"Mar 8, 2026","Lone Star, TX 75668",1407
Caribou County Sheriff's Office,County,IDAHO,Caribou County,Warrant Service Officer,"Mar 11, 2026","Soda Springs, ID 83276",7239
Humansville Police Department,Municipality,MISSOURI,"Polk County ",Task Force Model,"Mar 11, 2026","Humansville, MO 65674",939
"Treasure County Sheriff's Office ",County,MONTANA,Treasure County,Task Force Model,"Mar 11, 2026","Hysham, MT 59038",739
Caddo Police Department,Municipality,OKLAHOMA,Bryan County,Task Force Model,"Mar 11, 2026","Caddo, OK 74729",1075
"Hazleton Police Department ",Municipality,PENNSYLVANIA,Luzerne County,Task Force Model,"Mar 11, 2026","Hazleton, PA 18201",30354
Jamestown Police Department,Municipality,SOUTH CAROLINA,Berkeley County,Task Force Model,"Mar 11, 2026","Jamestown, SC 29453",73
"Dickson County Sheriff's Office ",County,TENNESSEE,Dickson County,Warrant Service Officer,"Mar 11, 2026","Charlotte, TN 37036",57641
Brazos County Sheriff's Office,County,TEXAS,Brazos County,Warrant Service Officer,"Mar 11, 2026","Bryan, TX 77803",249624
China Grove Police Department,Municipality,TEXAS,Bexar County,Task Force Model,"Mar 11, 2026","China Grove, TX 78263",1138
"Neuces County Constable Precinct 5 ",County,TEXAS,Nueces County,Task Force Model,"Mar 11, 2026","Robstown, TX 78380",353125
Parker County Sheriff's Office,County,TEXAS,Parker County,Task Force Model,"Mar 11, 2026","Weatherford, TX 76086",179707
Courtland Police Department,Municipality,ALABAMA,Lawrence County,Task Force Model,"Mar 13, 2026","Courtland, AL 35618",593
Scott County Sheriff's Office,County,MISSOURI,Scott County,Task Force Model,"Mar 13, 2026","Benton, MO 63736",37957
Burke County Sheriff's Office,County,NORTH DAKOTA,Burke County,Task Force Model,"Mar 13, 2026","Bowbells, ND 58721",2154
Jamestown Police Department,Municipality,OHIO,Greene County,Task Force Model,"Mar 13, 2026","Jamestown, Ohio 45335",2114
Colbert Police Department,Municipality,OKLAHOMA,Bryan County,Task Force Model,"Mar 13, 2026","Colbert, OK 74733",1105
Salem Township Police Department,Municipality,PENNSYLVANIA,Luzerne County,Task Force Model,"Mar 13, 2026","Berwick, PA 18603",null
Dublin Police Department,Municipality,TEXAS,Erath County,Task Force Model,"Mar 13, 2026","Dublin, TX 76446",3450
Lavaca County Constable Precinct 2,Municipality,TEXAS,Lavaca County,Task Force Model,"Mar 13, 2026","Moulton, Texas 77975",null
San Saba County Sheriff's Office,County,TEXAS,San Saba County,Task Force Model,"Mar 13, 2026","San Saba, TX 76877",5508
Sherwood Police Department,Municipality,ARKANSAS,Pulaski County,Task Force Model,"Mar 17, 2026","Sherwood, AR 72120",33281
Brodhead Police Department,Municipality,KENTUCKY,Rockcastle County,Task Force Model,"Mar 17, 2026","Brodhead, KY 40409",1112
Rockcastle County Sheriff's Office,County,KENTUCKY,Rockcastle County,Jail Enforcement Model,"Mar 17, 2026","Mount Vernon, KY 40456",16226
Carter County Sheriff's Office,County,MISSOURI,Carter County,Jail Enforcement Model,"Mar 17, 2026","Van Buren, MO 63965",5359
Carter County Sheriff's Office,County,MISSOURI,Carter County,Task Force Model,"Mar 17, 2026","Van Buren, MO 63965",5359
Madison County Sheriff's Office,County,MISSOURI,Madison County,Task Force Model,"Mar 17, 2026","Fredericktown, MO 63645",12852
Wayne County Sheriff's Office,County,MISSOURI,Wayne County,Task Force Model,"Mar 17, 2026","Greenville, MO 63944",10820
Frackville Borough Police Department,Municipality,PENNSYLVANIA,Schuylkill County,Task Force Model,"Mar 17, 2026","Frackville, PA 17931",3899
Mount Carmel Township Police Department,Municipality,PENNSYLVANIA,Northumberland County,Task Force Model,"Mar 17, 2026","Mount Carmel, PA 17851",5626
Hutchinson County Sheriff's Office,County,TEXAS,Hutchinson County,Warrant Service Officer,"Mar 17, 2026","Borger, TX 79007",19721
Troup Police Department,Municipality,TEXAS,Smith County,Task Force Model,"Mar 17, 2026","Troup, TX 75789",2141
"Mohawk Village Police Department ",Municipality,NEW YORK,Herkimber County,Task Force Model,"Mar 19, 2026","Mohawk, NY 13407",2376
Clay County Sheriff's Office,County,KENTUCKY,Clay County,Task Force Model,"Mar 19, 2026","Manchester, KY 40962",19592
Bismarck Police Department,Municipality,MISSOURI,St. Francois County,Task Force Model,"Mar 19, 2026","Bismarck, MO 63624",1222
Saint Francois County Sheriff's Office,County,MISSOURI,St. Francois County,Task Force Model,"Mar 19, 2026","Farmington, MO 63640",67503
Canadian County Sheriff's Office,County,OKLAHOMA,Canadian County,Task Force Model,"Mar 19, 2026","El Reno, OK 73036",181760
West Hazleton Borough Police Department,Municipality,PENNSYLVANIA,Luzerne County,Task Force Model,"Mar 19, 2026","West Hazleton, PA 18202",5231
"Cut ""N"" Shoot Police Department",Municipality,TEXAS,Montgomery County,Task Force Model,"Mar 19, 2026","Cut and Shoot, TX 77306",1190
Hughes Springs Police Department,Municipality,TEXAS,Cass County,Task Force Model,"Mar 19, 2026","Hughes Springs, TX 75656",1533
Liberty County Constable Precinct 2,Municipality,TEXAS,Liberty County,Task Force Model,"Mar 19, 2026","Raywood, TX 77582",null
Page County Sheriff's Office,County,VIRGINIA,Page County,Task Force Model,"Mar 19, 2026","Luray, VA 22835",23686
Clay County Sheriff's Department,County,MISSISSIPPI,Clay County,Task Force Model,"Mar 21, 2026","West Point, MS 39773",18213
Hughesville Borough Police Department,Municipality,PENNSYLVANIA,Lycoming County,Task Force Model,"Mar 21, 2026","Hughesville, PA 17737",2120
York County Regional Police Department,Municipality,PENNSYLVANIA,York County,Task Force Model,"Mar 21, 2026","Dover, PA 17315",45241
Ballinger Police Department,Municipality,TEXAS,Runnels County,Task Force Model,"Mar 21, 2026","Ballinger, TX 76821",3530
Greene County Sheriff's Office,County,ARKANSAS,Greene County,Warrant Service Officer,"Mar 23, 2026","Paragould, AR 72450",46928
Dunklin County Sheriff's Office,County,MISSOURI,Dunklin County,Task Force Model,"Mar 23, 2026","Kennett, MO 63857",27002
Poinsett County Sheriff's Office,County,ARKANSAS,Poinsett County,Jail Enforcement Model,"Mar 23, 2026","Harrisburg, AR 72432",22300
Poinsett County Sheriff's Office,County,ARKANSAS,Poinsett County,Task Force Model,"Mar 23, 2026","Harrisburg, AR 72432",22300
Poinsett County Sheriff's Office,County,ARKANSAS,Poinsett County,Warrant Service Officer,"Mar 23, 2026","Harrisburg, AR 72432",22300
Polk County Sheriff's Office,County,ARKANSAS,Polk County,Jail Enforcement Model,"Mar 23, 2026","Mena, AR 71953",19434
Carthage Police Department,Municipality,INDIANA,Rush County,Task Force Model,"Mar 23, 2026","Carthage, IN 46115",916
Letcher County Sheriff's Office,County,KENTUCKY,Letcher County,Task Force Model,"Mar 23, 2026","Whitesburg, KY 41858",20139
St. Bernard Parish Sheriff's Office,County,LOUISIANA,Chalmette Parish,Jail Enforcement Model,"Mar 23, 2026","Chalmette, LA 70043",null
Washita County Sheriff's Office,County,OKLAHOMA,Washita County,Task Force Model,"Mar 23, 2026","New Cordell, OK 73632",10839
Franklin County Sheriff's Office,County,IDAHO,Franklin County,Task Force Model,"Mar 24, 2026","Preston, ID 83263",15638
Wolcott Police Department,Municipality,INDIANA,White County,Task Force Model,"Mar 24, 2026","Wolcott, IN 47995",952
Jackson County Sheriff's Office,County,KENTUCKY,Jackson County,Task Force Model,"Mar 24, 2026","McKee, KY 40447",13358
Oakley Police Department,Municipality,MICHIGAN,Saginaw County,Task Force Model,"Mar 24, 2026","Oakley, MI 48649",289
Potosi Police Department,Municipality,MISSOURI,Washington County,Task Force Model,"Mar 24, 2026","Potosi, MO 63664",2549
Stone County Sheriff's Office,County,MISSOURI,Stone County,Task Force Model,"Mar 24, 2026","Galena, MO 65656",32630
Cisco Police Department,Municipality,TEXAS,Eastland County,Task Force Model,"Mar 24, 2026","Cisco, TX 76437",4029
Commerce Police Department,Municipality,TEXAS,Hunt County,Task Force Model,"Mar 24, 2026","Commerce, TX 75428",9800
Sulphur Springs Police Department,Municipality,TEXAS,Hopkins County,Task Force Model,"Mar 24, 2026","Sulphur Springs, TX 75482",16891
Foley Police Department,Municipality,ALABAMA,Baldwin County,Task Force Model,"Mar 25, 2026","Foley, AL 36535",28043
Doolittle Police Department,Municipality,MISSOURI,Phelps County,Task Force Model,"Mar 25, 2026","Doolittle, MO 65550",576
Whitefield Police Department,Municipality,NEW HAMPSHIRE,Coos County,Task Force Model,"Mar 25, 2026","Whitefield, NH 03598",null
Orwigsburg Borough Police Department,Municipality,PENNSYLVANIA,Schuylkill County,Task Force Model,"Mar 25, 2026","Orwigsburg, PA 17961",3014
Shamokin City Police Department,Municipality,PENNSYLVANIA,Northumberland County,Task Force Model,"Mar 25, 2026","Shamokin, PA 17872",6787
Salley Police Department,Municipality,SOUTH CAROLINA,Aiken County,Task Force Model,"Mar 25, 2026","Salley, SC 29137",351
Lawrence County Sheriff's Office,County,TENNESSEE,Lawrence County,Jail Enforcement Model,"Mar 25, 2026","Lawrenceburg, TN 38464",46467
Lawrence County Sheriff's Office,County,TENNESSEE,Lawrence County,Task Force Model,"Mar 25, 2026","Lawrenceburg, TN 38464",46467
Lawrence County Sheriff's Office,County,TENNESSEE,Lawrence County,Warrant Service Officer,"Mar 25, 2026","Lawrenceburg, TN 38464",46467
Beeville Police Department,Municipality,TEXAS,Bee County,Task Force Model,"Mar 25, 2026","Beeville, TX 78102",13176
Perry Police Department,Municipality,SOUTH CAROLINA,Aiken County,Task Force Model,"Mar 26, 2026","Perry, SC 29137",209
Perry County Sheriff's Office,County,ARKANSAS,Perry County,Jail Enforcement Model,"Mar 28, 2026","Perryville, AR 72126",10251
Dallas Police Department,Municipality,GEORGIA,Paulding County,Task Force Model,"Mar 28, 2026","Dallas, GA 30132",15062
Bullitt County Sheriff's Office,County,KENTUCKY,Bullitt County,Task Force Model,"Mar 28, 2026","Shepherdsville, KY 40165",85802
Torrance County Sheriff's Office,County,NEW MEXICO,Torrance County,Warrant Service Officer,"Mar 28, 2026","Estancia, NM 87016",15986
Haskell Police Department,Municipality,OKLAHOMA,Muskogee County,Task Force Model,"Mar 28, 2026","Haskell, OK 74436",1721
Texas County Sheriff's Office,County,OKLAHOMA,Texas County,Task Force Model,"Mar 28, 2026","Guymon, OK 73942",20577
Viborg Police Department,Municipality,SOUTH DAKOTA,Turner County,Task Force Model,"Mar 28, 2026","Viborg, SD 57070",834
Bertram Police Department,Municipality,TEXAS,Burnet County,Task Force Model,"Mar 28, 2026","Bertram, TX 78605",2020
Corrigan Police Department,Municipality,TEXAS,Polk County,Task Force Model,"Mar 28, 2026","Corrigan, TX 75939",1401
Hale County Sheriff's Office,County,ALABAMA,Hale County,Task Force Model,"Mar 31, 2026","Greensboro, AL 36744",15116
Fulton County Sheriff's Office,County,ARKANSAS,Fulton County,Warrant Service Officer,"Mar 31, 2026","Salem, AR 72576",12546
Marion County Sheriff's Office,County,ARKANSAS,Marion County,Jail Enforcement Model,"Mar 31, 2026","Yellville, AR 72687",17593
Marion County Sheriff's Office,County,ARKANSAS,Marion County,Task Force Model,"Mar 31, 2026","Yellville, AR 72687",17593
Mississippi County Sheriff's Office,County,ARKANSAS,Mississippi County,Jail Enforcement Model,"Mar 31, 2026","Luxora, AR 72358",38095
Ouachita County Sheriff's Office,County,ARKANSAS,Ouachita County,Jail Enforcement Model,"Mar 31, 2026","Camden, AR 71701",21684
Prairie County Sheriff's Office,County,ARKANSAS,Prairie County,Jail Enforcement Model,"Mar 31, 2026","Des Arc, AR 72040",7935
Prairie County Sheriff's Office,County,ARKANSAS,Prairie County,Task Force Model,"Mar 31, 2026","Des Arc, AR 72040",7935
White County Sheriff's Office,County,ARKANSAS,White County,Jail Enforcement Model,"Mar 31, 2026","Searcy, AR 72143",79091
Glasgow Police Department,Municipality,KENTUCKY,Barren County,Task Force Model,"Mar 31, 2026","Glasgow, KY 42141",15388
El Dorado Springs Police Department,Municipality,MISSOURI,Cedar County,Task Force Model,"Mar 31, 2026","El Dorado Springs, MO 64744",3674
Boise City Police Department,Municipality,OKLAHOMA,Cimarron County,Task Force Model,"Mar 31, 2026","Boise City, OK 73933",1077
Cimarron County Sheriff's Office,County,OKLAHOMA,Cimarron County,Task Force Model,"Mar 31, 2026","Boise City, OK 73933",2133
Locust Township Police Department,Municipality,PENNSYLVANIA,Columbia County,Task Force Model,"Mar 31, 2026","Catawissa, PA 17820",null
Mahoning Township Police Department,Municipality,PENNSYLVANIA,Lawrence County,Task Force Model,"Mar 31, 2026","Danville, PA 17821",null
Overton Police Department,Municipality,TEXAS,Overton County,Task Force Model,"Mar 31, 2026","Overton, TX 75684",2305
Robertson County Sheriff's Office,County,TEXAS,Robertson County,Jail Enforcement Model,"Mar 31, 2026","Franklin, TX 77856",17659
Robertson County Sheriff's Office,County,TEXAS,Robertson County,Task Force Model,"Mar 31, 2026","Franklin, TX 77856",17659
Boone County Sheriff's Office,County,ARKANSAS,Boone County,Task Force Model,"Apr 5, 2026","Harrison, AR 72601",38636
Boone County Sheriff's Office,County,ARKANSAS,Boone County,Warrant Service Officer,"Apr 5, 2026","Harrison, AR 72601",38636
Clark County Sheriff's Office,County,ARKANSAS,Clark County,Jail Enforcement Model,"Apr 5, 2026","Arkadelphia, AR 71923",20920
Des Arc Police Department,Municipality,ARKANSAS,Prairie County,Task Force Model,"Apr 5, 2026","Des Arc, AR 72040",1841
Evening Shade Police Department,Municipality,ARKANSAS,Sharp County,Task Force Model,"Apr 5, 2026","Evening Shade, AR 72532",436
Hot Spring County Sheriff's Office,County,ARKANSAS,Hot Spring County,Jail Enforcement Model,"Apr 5, 2026","Malvern, AR 72104",33313
Sharp County Sheriff's Office,County,ARKANSAS,Sharp County,Jail Enforcement Model,"Apr 5, 2026","Ash Flat, AR 72513",18130
Sharp County Sheriff's Office,County,ARKANSAS,Sharp County,Warrant Service Officer,"Apr 5, 2026","Ash Flat, AR 72513",18130
Livingston Police Department,Municipality,KENTUCKY,Rockcastle County,Task Force Model,"Apr 5, 2026","Livingston, KY 40445",165
Bowling Green Police Department,Municipality,MISSOURI,Pike County,Task Force Model,"Apr 5, 2026","Bowling Green, MO 63334",4380
Cabool Police Department,Municipality,MISSOURI,Texas County,Task Force Model,"Apr 5, 2026","Cabool, MO 65689",2059
Dekalb County Sheriff's Office,County,MISSOURI,Dekalb County,Jail Enforcement Model,"Apr 5, 2026","Maysville, MO 64469",9884
Dekalb County Sheriff's Office,County,MISSOURI,Dekalb County,Task Force Model,"Apr 5, 2026","Maysville, MO 64469",9884
Dekalb County Sheriff's Office,County,MISSOURI,Dekalb County,Warrant Service Officer,"Apr 5, 2026","Maysville, MO 64469",9884
Red Willow County Sheriff's Office,County,NEBRASKA,Red Willow County,Jail Enforcement Model,"Apr 5, 2026","McCook, NE 69001",10409
Red Willow County Sheriff's Office,County,NEBRASKA,Red Willow County,Task Force Model,"Apr 5, 2026","McCook, NE 69001",10409
Red Willow County Sheriff's Office,County,NEBRASKA,Red Willow County,Warrant Service Officer,"Apr 5, 2026","McCook, NE 69001",10409
Custer County Sheriff's Office,County,OKLAHOMA,Custer County,Task Force Model,"Apr 5, 2026","Arapaho, OK 73620",28266
Grady County Sheriff's Office,County,OKLAHOMA,Grady County,Task Force Model,"Apr 5, 2026","Chickasha, OK 73018",58353
Schuylkill Haven Borough Police Department,Municipality,PENNSYLVANIA,Schuylkill County,Task Force Model,"Apr 5, 2026","Schuylkill Haven, PA 17972",5273
Fannin County Constable Precinct 3,Municipality,TEXAS,Fannin County,Task Force Model,"Apr 5, 2026","Bonham, TX 75418",null
Gregg County Sheriff's Office,County,TEXAS,Gregg County,Task Force Model,"Apr 5, 2026","Longview, TX 75601",126679
Nueces County Constable Precinct 3,County,TEXAS,Nueces County,Task Force Model,"Apr 5, 2026","Corpus Christi, TX 78401",353125
Parker County District Attorney's Office,County,TEXAS,Parker County,Task Force Model,"Apr 5, 2026","Weatherford, TX 76086",179707
Red River County Sheriff's Office,County,TEXAS,Red River County,Task Force Model,"Apr 5, 2026","Clarksville, TX 75426",11696
Santa Anna Police Department,Municipality,TEXAS,"Coleman County ",Task Force Model,"Apr 5, 2026","Santa Anna, TX 76878",1052
Leesburg Police Department,Municipality,ALABAMA,Cherokee County,Task Force Model,"Apr 7, 2026","Leesburg, AL 35983",1006
Lonoke County Sheriff's Office,County,ARKANSAS,Lonoke County,Warrant Service Officer,"Apr 7, 2026","Lonoke, AR 72086",76389
Columbia Police Department,Municipality,LOUISIANA,Caldwell Parish,Task Force Model,"Apr 7, 2026","Columbia, LA 71418",266
Mississippi County Sheriff's Office,County,MISSOURI,Mississippi County,Jail Enforcement Model,"Apr 7, 2026","Charleston, MO 63834",11750
Mississippi County Sheriff's Office,County,MISSOURI,Mississippi County,Task Force Model,"Apr 7, 2026","Charleston, MO 63834",11750
Mississippi County Sheriff's Office,County,MISSOURI,Mississippi County,Warrant Service Officer,"Apr 7, 2026","Charleston, MO 63834",11750
Blanco County Constable Precinct 4,Municipality,TEXAS,Blanco County,Task Force Model,"Apr 7, 2026","Blanco, TX 78606",null
Webster County Sheriff's Office,County,MISSISSIPPI,Webster County,Task Force Model,"Apr 8, 2026",null,10039
Texas County Sheriff's Office,County,MISSOURI,Texas County,Jail Enforcement Model,"Apr 8, 2026",null,25715
Texas County Sheriff's Office,County,MISSOURI,Texas County,Task Force Model,"Apr 8, 2026",null,25715
Texas County Sheriff's Office,County,MISSOURI,Texas County,Warrant Service Officer,"Apr 8, 2026",null,25715
Montoursville Borough Police Department,Municipality,PENNSYLVANIA,Lycoming County,Task Force Model,"Apr 8, 2026",null,null
Coryell County Sheriff's Office,County,TEXAS,Coryell County,Task Force Model,"Apr 8, 2026",null,86370
Livingston Parish Sheriff's Office,County,LOUISIANA,Livingston Parish,Task Force Model,"Apr 9, 2026",null,152886
Carter County Sheriff's Office,County,MONTANA,Carter County,Task Force Model,"Apr 9, 2026",null,1399
Jack County Sheriff's Office,County,TEXAS,Jack County,Task Force Model,"Apr 9, 2026",null,9398
Monette Police Department,Municipality,ARKANSAS,Craighead County,Task Force Model,"Apr 13, 2026",null,1558
Marengo Police Department,Municipality,INDIANA,Crawford County,Task Force Model,"Apr 13, 2026",null,821
Person County Sheriff's Office,County,NORTH CAROLINA,Person County,Warrant Service Officer,"Apr 13, 2026",null,40143
Mounds Police Department,Municipality,OKLAHOMA,Creek County,Task Force Model,"Apr 13, 2026",null,984
Harrison County Sheriff's Office,County,TEXAS,Harrison County,Task Force Model,"Apr 13, 2026",null,71370
Langlade County Sheriff's Office,County,WISCONSIN,Langlade County,Warrant Service Officer,"Apr 13, 2026",null,19535
Garland County Sheriff's Office,County,ARKANSAS,Garland County,Warrant Service Officer,"Apr 13, 2026",null,99902
Izard County Sheriff's Office,County,ARKANSAS,Izard County,Warrant Service Officer,"Apr 13, 2026",null,14291
Claypool Police Department,Municipality,INDIANA,Kosciusko County,Task Force Model,"Apr 13, 2026",null,395
Haubstadt Police Department,Municipality,INDIANA,Gibson County,Task Force Model,"Apr 13, 2026",null,1621
West Harrison Police Department,Municipality,INDIANA,Dearborn County,Task Force Model,"Apr 13, 2026",null,332
Worthington Police Department,Municipality,INDIANA,Greene County,Task Force Model,"Apr 13, 2026",null,1406
Williams County Sheriff's Office,County,NORTH DAKOTA,Williams County,Jail Enforcement Model,"Apr 13, 2026",null,40763
Williams County Sheriff's Office,County,NORTH DAKOTA,Williams County,Task Force Model,"Apr 13, 2026",null,40763
Williams County Sheriff's Office,County,NORTH DAKOTA,Williams County,Warrant Service Officer,"Apr 13, 2026",null,40763
Pike County Sheriff's Office,County,ARKANSAS,Pike County,Jail Enforcement Model,"Apr 15, 2026",null,10027
Laurel Police Department,Municipality,INDIANA,Franklin County,Task Force Model,"Apr 15, 2026",null,412
Moores Hill Police Department,Municipality,INDIANA,Dearborn County,Task Force Model,"Apr 15, 2026",null,696
Wayne County Sheriff's Office,County,KENTUCKY,Wayne County,Task Force Model,"Apr 15, 2026",null,19629
Wayne County Sheriff's Office,County,KENTUCKY,Wayne County,Warrant Service Officer,"Apr 15, 2026",null,19629
Montgomery County Sheriff's Department,County,MISSISSIPPI,Montgomery County,Task Force Model,"Apr 15, 2026",null,9411
Daviess County Sheriff's Office,County,MISSOURI,Daviess County,Jail Enforcement Model,"Apr 15, 2026",null,8541
Daviess County Sheriff's Office,County,MISSOURI,Daviess County,Task Force Model,"Apr 15, 2026",null,8541
Daviess County Sheriff's Office,County,MISSOURI,Daviess County,Warrant Service Officer,"Apr 15, 2026",null,8541
Hallsville Police Department,Municipality,MISSOURI,Boone County,Task Force Model,"Apr 15, 2026",null,1766
Saint Charles County Police Department,Municipality,MISSOURI,St. Charles County,Task Force Model,"Apr 15, 2026",null,72458
Mahoning TWP Police Department - Montour,Municipality,PENNSYLVANIA,Montour County,Task Force Model,"Apr 15, 2026",null,null
Guadalupe County Constable Precinct 1,Municipality,TEXAS,Guadalupe County,Task Force Model,"Apr 15, 2026",null,null
Guadalupe County Constable Precinct 4,Municipality,TEXAS,Guadalupe County,Task Force Model,"Apr 15, 2026",null,null
Pinehurst Police Department,Municipality,TEXAS,Orange County,Task Force Model,"Apr 15, 2026",null,2226
Wise County Sheriff's Office,County,TEXAS,Wise County,Task Force Model,"Apr 15, 2026",null,81275
Wheatland Police Department,Municipality,WYOMING,Platte County,Task Force Model,"Apr 15, 2026",null,3475
Ashdown City Police Department,Municipality,ARKANSAS,Little River County,Task Force Model,"Apr 17, 2026",null,4088
Logan County Sheriff's Office,County,ARKANSAS,Logan County,Warrant Service Officer,"Apr 17, 2026",null,21457
Gentryville Police Department,Municipality,INDIANA,Spencer County,Task Force Model,"Apr 17, 2026",null,258
Cherryvale Police Department,Municipality,KANSAS,Montgomery County,Task Force Model,"Apr 17, 2026",null,2114
Logan County Sheriff's Department,County,KANSAS,Logan County,Warrant Service Officer,"Apr 17, 2026",null,2694
Caldwell Parish Sheriff's Office,County,LOUISIANA,Caldwell Parish,Task Force Model,"Apr 17, 2026",null,9393
Grayson Police Department,Municipality,LOUISIANA,Caldwell Parish,Task Force Model,"Apr 17, 2026",null,431
International Falls Police Department,Municipality,MINNESOTA,Koochiching County,Task Force Model,"Apr 17, 2026",null,5498
Oak Grove Village Police Department,Municipality,MISSOURI,Franklin County,Task Force Model,"Apr 17, 2026",null,405
Dalton Police Department,Municipality,OHIO,Wayne County,Task Force Model,"Apr 17, 2026",null,1927
Checotah Police Department,Municipality,OKLAHOMA,McIntosh County,Task Force Model,"Apr 17, 2026",null,3086
Creek County Sheriff's Office,County,OKLAHOMA,Creek County,Task Force Model,"Apr 17, 2026",null,73971
Carroll Township Police Department,Municipality,PENNSYLVANIA,York County,Task Force Model,"Apr 17, 2026",null,null
Hellam Township Police Department,Municipality,PENNSYLVANIA,York County,Task Force Model,"Apr 17, 2026",null,null
Muncy Borough Police Department,Municipality,PENNSYLVANIA,Lycoming County,Task Force Model,"Apr 17, 2026",null,null
Robstown Police Department,Municipality,TEXAS,Nueces County,Task Force Model,"Apr 17, 2026",null,10383
Delta County Constable Precinct 5,Municipality,TEXAS,Delta County,Task Force Model,"Apr 17, 2026",null,null
Erath County Sheriff's Office,County,TEXAS,Erath County,Task Force Model,"Apr 17, 2026",null,44496
Winnsboro Police Department,Municipality,TEXAS,Wood County,Task Force Model,"Apr 17, 2026",null,3661
Moorcroft Police Department,Municipality,WYOMING,Crook County,Task Force Model,"Apr 17, 2026",null,1025
Spencer Police Department,Municipality,OHIO,Medina County,Task Force Model,"Oct 17, 2025","Spencer, OHIO",694
Sumner County Sheriff's Office,County,TENNESSEE,Sumner County,Warrant Service Officer,"Apr 29, 2025","County: Sumner County, TENNESSEE",211721
Itasca County Sheriff's Office,County,MINNESOTA,Itasca County,Task Force Model,"Feb 27, 2025","County: Itasca County, MINNESOTA",45442
San Patricio County Sheriff’s Office,County,TEXAS,San Patricio County,Jail Enforcement Model,"Sep 3, 2020","County: San Patricio County, TEXAS",71467
Albemarle District Jail,County,NORTH CAROLINA,Albemarle County,Warrant Service Officer,"Mar 19, 2020","County: Albemarle County, NORTH CAROLINA",17344
Nassau County Sheriff's Office,County,FLORIDA,Nassau County,Warrant Service Officer,"Oct 15, 2019","Fernandina Beach, FLORIDA 32034",104376
Broward County Sheriff's Office,County,FLORIDA,Broward County,Warrant Service Officer,"Sep 9, 2019","Fort Lauderdale, FL 33312",2037472
Sarasota County Sheriff's Office,County,FLORIDA,Sarasota County,Warrant Service Officer,"May 6, 2019","Sarasota, FLORIDA 34236",476604
Walton County Sheriff's Office,County,FLORIDA,Walton County,Warrant Service Officer,"May 6, 2019","DeFuniak Springs, FLORIDA 32433",89666
Levy County Sheriff's Office,County,FLORIDA,Levy County,Warrant Service Officer,"May 6, 2019","Bronson, FLORIDA 32621",47765
Pinellas County Sheriff's Office,County,FLORIDA,Pinellas County,Warrant Service Officer,"Apr 24, 2019","Clearwater, FLORIDA 33756",965870